﻿company_id,review0,review1,review2,review3,review4,review5,review6,review7,review8,review9
0,굿,,,,,,,,,
1,좋아요,친절한 헬스장,,,,,,,,
2,,,,,,,,,,
3,,,,,,,,,,
4,"최인태 선생님에게 pt신청받아 운동했습니다
매니저님이 상담도 친절하게 해주시고 적절한 코스도 추천하셔서 믿져야 본전인 마음으로 운동 시작하게되었는데 적절한 운동방향성을 제시해주시고 자세도 잘 봐주셔서 원래 제가 무릎이 안좋아서 스쿼트도 못하고 앉기도 힘들어했는데 근육이 늘어서 그런지 앉은다리해도 바닥에 편하게 앉고 매일매일 졸린적은있어도 체력이 늘어서 힘든적은 없네요!! 매일 매주 거울 볼때, pt수업 끝난뒤에 더 의욕생기고 보람이 느껴지는 수업입니다 운동 고민있으신분들은 꼭 pt반 받아보시면 만족하실겁니다~!!","체력이 좋지 않은 편이었는데 인태쌤과 함께하고 근육을 어떻게 사용해야 하는지 알게되고, 소방시험에서도 좋은 결과 얻을 수 있었습니다🤗🤗 PT는 비싸지만 받기 전과 받은 후의 차이가 확실한 것 같아요! 무조건 추천드립니다ㅎㅎ","헬스를 처음 접하게되어서 최인태선생님께 피티를 받고 꾸준히 운동하는 습관을 갖게되었습니다 식단부터 운동까지 스스로 할 수 있는 기반을 만들어주셔서 감사합니다! 51k에서부터 46kg까지 처음 찍어보는 몸무게를 만들었습니다 앞으로도 꾸준히 멋진몸 만들기위
해 노력하겠습니다🥰 운동은 내삶의 이유영",이빈 선생님 피티 진행했습니다!! 운동은 처음이라 걱정 많이 했는데 하나부터 열까지 꼼꼼하고 몸에 맞게 잘 알려주시고 가르쳐 주셔서 덕분에 회사 다니면서 꾸준히 해보려고 노력하고 있어요!!! 앞으로도 쭈욱 해볼 생각입니다 ㅎㅎ 이빈 선생님 추천해요!!!!!!,매니저님에게 수업 받고있는데 너무 좋습니다 처음에 상담을 너무 잘 해주셔서 무조건 매니저님한테 수업 받고싶어서 더 지불하고 받습니다. ㅠㅠ 그래도 후회 없네용 ㅎ,"최인태 선생님, 백지훈선생님과 함께하는 시간이 즐거워요 ❣️운동을 즐겁게 할 수 있게 만들어주셔서 감사합니다 !!",매니저님에게 무료수업을 받았는데 너무 유익하고 좋았습니다!!! 매니저님 최고!!! 가능만 하다면 매니저님에게 수업 받고싶어용,헬스 처음하면서 처음 와본곳인데 시설도 깔끔하고 인태쌤에게 pt 받았는데 기본부터 차근차근 자세히 잘 알려주셔서 부상없이 득근중입니다 운동하시려는분들 강추드립니다.,매니저님이랑 수업 받고 있는데 현재 한달만에 체지방만 7키로 감량 중입니다!! 그래서 20회 추가 했어용 ㅎㅎㅎㅎ 다들 매니저님께 상담 받고 운동 시작해서 지방이들 날리세용~^^,이쁘고 착한 민오쌤이랑 바프를 향해 열심히 운동중인데 넘 좋아요 ❤️ 5층이라 창밖보면서 런닝뛰는것도 좋아용 맨날 출첵중 ㅎㅎㅎ
5,좋아요,굳,굳,ㅎㅎ,친절하세요,헬스장 좋아요,,,,
6,"무엇보다도 관장님이 너무 친절하게 운동 봐주시구요 동네 비싼 헬스장 PT 보다 훨씬 경력 있으시고 운동에 대해 알고 계십니다 30년 경력의
관장님이 저렴하고 체계적으로 운동 알려주셔요 
가격도 굉장히 저렴하고 헬스 기구들도 다양합니다 합리적 선택이에요",가격이 정말 저렴하고요 관장님이 친절해요. 기구도 괜찮아요 😊 운동해서 건강해져요~~!,이 퀄리티이기에 가능한 가격..!,굿,조아요,관장님 친절하시고 접근성 좋습니다,저렴합니다,관장님이 친절하세요!,관장님이 세심하시게 PT해주시고 매우 친절하십니다. 다른 곳에서 PT받을 때 신체접촉이 꽤 있었는데 불필요한 접촉이 전혀 없으셔서 매우 안심이고 편합니다. 시설이 좋진 않지만 가격이 합리적이라 앞으로도 이용할 예정입니다.,관장님이 친절해용
7,"PT수업 이대현선생님 추천해요. 진짜강추! Senior트레이너시고 이미 유명하시지만 조금만 더 유명해지면 좋겠어요(저하고 PT시간 겹치는분 많아지면 곤란해지니까). 전 다른회원분 PT 양도받아 시작했는데도 첫수업부터 진심으로 수업해주셨어요. 4개월차 PT받고있고 선생님덕분에 체지방 8kg빼고 헬스 기본기를 다져가는 중이에요. 무엇보다 자세가 진짜진짜 좋아졌어요! 제가 무미건조한 남자 회원이고 운동신경이 부족한편이라 따라가는게 좀 더뎌요. 그런데도 선생님이 중간에 절대 포기하지않으시고 대충하시지 않아주셔서 그게 정말 프로페셔널한것 같아 추천합니다. 인포분들도 친절하시고, 헬스장 사방이 통창으로 트여있어서 운동하기 쾌적한데, 회원권은 그냥사면 조금 비싸니까 3-6개월짜리 이벤트 할 때 사면 좋은것 같아요 : )",트레이너님 너무 쉽게 잘 알려주셔서 헬린이는 제대로 된 스쿼트자세 데드리프트자세를 알게되어 너무 기쁩니댜🤤 배운대로 잘 운동해서 엉짱이 되어볼게요 ㅋㅋㅋ,친절하고 꼼꼼히 봐주세요,가격 대비 별로였습니다.,"군데군데 먼지 뭉쳐있고, 기구에 묻은 땀먼지는 잘 안 닦여있어요. 노래도 가끔 발라드같은거 나오면 너무 쳐집니다
그 외에는 기구 새로 많이 들어오고, 바뀌는 중이여서 괜찮은 것 같아요",좋아요,좋아요,좋아요,"이 주변 헬스장 중 제일 비싼듯함
피티도 매우 비쌈",선생님이 정말 친절하시구 기구가 많고 정리정돈이 잘되어있어서 쾌적한 환경에서 운동할수있어요!
8,,,,,,,,,,
9,안다르 직원분 너무 친절해서 행복한 소비했습니당 ♥️,건강을 위해,다이어트 맛집이다 진짜ㅋㅋ 우리동네에 김신영 다이어트 시켜준 곳이 있다니 바로 상담받고 등록ㅋㅋㅋ 지난달 부터 시작했는데 한달동안 6키로 빼서 재등록 함~ 트레이너쌤이랑도 잘맞고 넘 좋아용~ 여름휴가까지 열다이어트!!,"예전에 다녔을 때 살을 많이 뺏었어요. 곧 여름이라 다시 다이어트 좀 할라고 등록했는데, 마침 이벤트도 해서 좋네요!!",굿,좋아요,,,,
10,굿,체험이랑 상담받고 넘 좋아서 그자리에서 p.t등록하고 운동중이에요 친절하시고 운동도 너무 잘 가르쳐주셔요 근력부족 팔랑팔랑 마시멜로인데 근육생기고있어서 신기해요,무료체험인데 인바디 측정해서 몸상태 체크하고 기구 한바퀴 돌면서 모두 설명 해주셨어요. 여성전용이고 친절하셔서 편안한 분위기였습니다~~^^,"최고입니다~ 이것저것 질문했는데도 친절하게 답변해주셔서 감사했어요ㅎㅎ 상담도 잘 해주시고요~
운동도 정말 도움 많이 될 거 같아요! 곧 등록하러 가겠습니다 ㅎㅎ",처음 방문하였는데 친절하게 안내해주셔서 편안하게 인바디재면서 체험하였습니다~,친절하게 상담해주셨어요. 무료체험도 도움이 됐어요.,친절한 인바디 상담과 커브스 상도클럽에 대한 소개와 모든 기구 사용법까지 안내해주셨어요. 감사합니다~!,친절한 상담과 쾌적한 시설 좋아요~,"친절한 체험 감사드립니다 ~~
조만간 운동시작하러 갈께요 ~~^^",친절히 안내해 주셔서 감사합니당 !!! ㅎㅎ
0,굿,,,,,,,,,
1,좋아요,친절한 헬스장,,,,,,,,
2,,,,,,,,,,
3,,,,,,,,,,
4,"최인태 선생님에게 pt신청받아 운동했습니다
매니저님이 상담도 친절하게 해주시고 적절한 코스도 추천하셔서 믿져야 본전인 마음으로 운동 시작하게되었는데 적절한 운동방향성을 제시해주시고 자세도 잘 봐주셔서 원래 제가 무릎이 안좋아서 스쿼트도 못하고 앉기도 힘들어했는데 근육이 늘어서 그런지 앉은다리해도 바닥에 편하게 앉고 매일매일 졸린적은있어도 체력이 늘어서 힘든적은 없네요!! 매일 매주 거울 볼때, pt수업 끝난뒤에 더 의욕생기고 보람이 느껴지는 수업입니다 운동 고민있으신분들은 꼭 pt반 받아보시면 만족하실겁니다~!!","체력이 좋지 않은 편이었는데 인태쌤과 함께하고 근육을 어떻게 사용해야 하는지 알게되고, 소방시험에서도 좋은 결과 얻을 수 있었습니다🤗🤗 PT는 비싸지만 받기 전과 받은 후의 차이가 확실한 것 같아요! 무조건 추천드립니다ㅎㅎ","헬스를 처음 접하게되어서 최인태선생님께 피티를 받고 꾸준히 운동하는 습관을 갖게되었습니다 식단부터 운동까지 스스로 할 수 있는 기반을 만들어주셔서 감사합니다! 51k에서부터 46kg까지 처음 찍어보는 몸무게를 만들었습니다 앞으로도 꾸준히 멋진몸 만들기위
해 노력하겠습니다🥰 운동은 내삶의 이유영",이빈 선생님 피티 진행했습니다!! 운동은 처음이라 걱정 많이 했는데 하나부터 열까지 꼼꼼하고 몸에 맞게 잘 알려주시고 가르쳐 주셔서 덕분에 회사 다니면서 꾸준히 해보려고 노력하고 있어요!!! 앞으로도 쭈욱 해볼 생각입니다 ㅎㅎ 이빈 선생님 추천해요!!!!!!,매니저님에게 수업 받고있는데 너무 좋습니다 처음에 상담을 너무 잘 해주셔서 무조건 매니저님한테 수업 받고싶어서 더 지불하고 받습니다. ㅠㅠ 그래도 후회 없네용 ㅎ,"최인태 선생님, 백지훈선생님과 함께하는 시간이 즐거워요 ❣️운동을 즐겁게 할 수 있게 만들어주셔서 감사합니다 !!",매니저님에게 무료수업을 받았는데 너무 유익하고 좋았습니다!!! 매니저님 최고!!! 가능만 하다면 매니저님에게 수업 받고싶어용,헬스 처음하면서 처음 와본곳인데 시설도 깔끔하고 인태쌤에게 pt 받았는데 기본부터 차근차근 자세히 잘 알려주셔서 부상없이 득근중입니다 운동하시려는분들 강추드립니다.,매니저님이랑 수업 받고 있는데 현재 한달만에 체지방만 7키로 감량 중입니다!! 그래서 20회 추가 했어용 ㅎㅎㅎㅎ 다들 매니저님께 상담 받고 운동 시작해서 지방이들 날리세용~^^,이쁘고 착한 민오쌤이랑 바프를 향해 열심히 운동중인데 넘 좋아요 ❤️ 5층이라 창밖보면서 런닝뛰는것도 좋아용 맨날 출첵중 ㅎㅎㅎ
5,좋아요,굳,굳,ㅎㅎ,친절하세요,헬스장 좋아요,,,,
6,"무엇보다도 관장님이 너무 친절하게 운동 봐주시구요 동네 비싼 헬스장 PT 보다 훨씬 경력 있으시고 운동에 대해 알고 계십니다 30년 경력의
관장님이 저렴하고 체계적으로 운동 알려주셔요 
가격도 굉장히 저렴하고 헬스 기구들도 다양합니다 합리적 선택이에요",가격이 정말 저렴하고요 관장님이 친절해요. 기구도 괜찮아요 😊 운동해서 건강해져요~~!,이 퀄리티이기에 가능한 가격..!,굿,조아요,관장님 친절하시고 접근성 좋습니다,저렴합니다,관장님이 친절하세요!,관장님이 세심하시게 PT해주시고 매우 친절하십니다. 다른 곳에서 PT받을 때 신체접촉이 꽤 있었는데 불필요한 접촉이 전혀 없으셔서 매우 안심이고 편합니다. 시설이 좋진 않지만 가격이 합리적이라 앞으로도 이용할 예정입니다.,관장님이 친절해용
7,"PT수업 이대현선생님 추천해요. 진짜강추! Senior트레이너시고 이미 유명하시지만 조금만 더 유명해지면 좋겠어요(저하고 PT시간 겹치는분 많아지면 곤란해지니까). 전 다른회원분 PT 양도받아 시작했는데도 첫수업부터 진심으로 수업해주셨어요. 4개월차 PT받고있고 선생님덕분에 체지방 8kg빼고 헬스 기본기를 다져가는 중이에요. 무엇보다 자세가 진짜진짜 좋아졌어요! 제가 무미건조한 남자 회원이고 운동신경이 부족한편이라 따라가는게 좀 더뎌요. 그런데도 선생님이 중간에 절대 포기하지않으시고 대충하시지 않아주셔서 그게 정말 프로페셔널한것 같아 추천합니다. 인포분들도 친절하시고, 헬스장 사방이 통창으로 트여있어서 운동하기 쾌적한데, 회원권은 그냥사면 조금 비싸니까 3-6개월짜리 이벤트 할 때 사면 좋은것 같아요 : )",트레이너님 너무 쉽게 잘 알려주셔서 헬린이는 제대로 된 스쿼트자세 데드리프트자세를 알게되어 너무 기쁩니댜🤤 배운대로 잘 운동해서 엉짱이 되어볼게요 ㅋㅋㅋ,친절하고 꼼꼼히 봐주세요,가격 대비 별로였습니다.,"군데군데 먼지 뭉쳐있고, 기구에 묻은 땀먼지는 잘 안 닦여있어요. 노래도 가끔 발라드같은거 나오면 너무 쳐집니다
그 외에는 기구 새로 많이 들어오고, 바뀌는 중이여서 괜찮은 것 같아요",좋아요,좋아요,좋아요,"이 주변 헬스장 중 제일 비싼듯함
피티도 매우 비쌈",선생님이 정말 친절하시구 기구가 많고 정리정돈이 잘되어있어서 쾌적한 환경에서 운동할수있어요!
0,굿,,,,,,,,,
1,좋아요,친절한 헬스장,,,,,,,,
2,"처음 상담갔을때 운동기구나 시설까지 친절하게 설명해주셔서 PT 수업까지 받게됐는데 현정쌤💜 진짜 너무 친절하시고 운동에 대해 1도 몰랐던 저에게 흥미롭게 이끌어주셔서 넘넘 감사할따름이에요☺️ 단순히 살만 빼는게 아니라 자세하나하나 자세하게 설명해주시고 요
요 오지않게 유지까지 되니ㅠㅠ대박이에욧🔥 운동이 습관이 되도록 저를 여기까지 이끌어주셔서 넘 감사합니당😘 넘 좋아서 현정쌤한테 수업 더 받으려고요💛 정말 다른 기존 헬스장이랑 다르게 여기는 분위기 자체도 너무 좋고 다른 쌤들도 항상 친절하게 인사해주셔서 좋아요👍
🏻☺️",명준쌤한테 pt 10회 받았어요! 피티 받는 내내 너무 친절하고 자세하게 자세 하나하나 알려주셔서 운동에 재미붙일 수 있었던 것 같습니다!! 앞으로도 꾸준히 나와서 운동 습관 잡도록 하겠습니다ㅎㅎ 너무 감사했어요~~!!!,헬스장 분위기 좋구 청결하고 쌤들이 너무 잘챙겨주시네여~~~ 저는 27살인데 처음으로 피티 받았는데 너무 잘 가르쳐주시더라구요 수업시간에도 재미있게 운동하고 싶은분들은 솔민쌤한테 수업 받으세요!!!ㅎㅎ 얼마나 좋았으면 지금 3개월째 연장중이라구용>_<,상담도 친절히 잘 해주시고 시설도 너무 깔끔하고 좋아요!! 무엇보다 기구도 많고 무료 오리엔테이션도 해주셔서 기구 사용법도 익힐 수 있어서 좋았어요:) 상도동 핼스장이랑 장승배기역 핼스장은 에브리데이짐이 최고인 거 같아요❤️,공간이 넓어서 헬린이도 눈치 안보고 할 수 있어서 좋아요!선생님분들 다 친절하세요!pt도 엄청 좋아서 연장했었어요!혼자서 운동할 수 있도록 만들어주시고 궁금한 것도 다 알려주세요!허리가 안 좋은데 허리 강화 운동도 알려주셔서 좋았어요 이명준쌤👍👍,화장실이 2층 탈의실에만 있는게 아니라 헬스 공간에도 있어서 이용하기 편해요. 에어컨 빵빵하게 틀어주셔서 운동할때 좋아요,"🙆🏻‍♀️ 솔직 리뷰 ✅ 시설 : 일단~ 저는 탈의실과 운동하는 공간이 층으로 딱 나눠져 있다는 점이 너무! 깔끔하고 좋았어요✨ 뭔가 안심된다고 해야될까요? 그리고 유산소존, 웨이트존도 공간분리가 너무나도 잘 돼있어서 웨이트를 부담스러워하는 저에겐 너무나도 안
성맞춤 …이였습니다! 그 중에서도 가장 맘에 들었던 기구는 천상 연예인..손나은님도 헬스장 가시면 꼭 하신다는 ‘천국의 계단’입니다! 없는 곳도 꽤 많은데 여긴 있어서 너무 좋았습니다~ ✅ 가격 : 3개월 이벤트를 하고 있어서 1개월 추가로 받아서 총 4개
월!! 너무나도 합리적인 가격에 완전 만족중입니다..!🤤💕 이왕 결제한 김에.. 몸짱이 되보려고 합니다 ✅ 직원분들 너무 친절하셔요.. 그리고 장승배기역이랑 가까워서 너무 좋았어요!",자세 진짜 꼼꼼히 봐주시고 식사도 상세하게 봐주십니다. 헬린이인데 맞춤형으로 알려주셔서 좋았습니다! 장승배기 부근 찾으시면 완전 추천합니다ㅎㅎ,"기구도 많고 공간이 깔끔해요!
선생님들도 다 친절하세요😄😄
마음에 들어서 재등록했습니당!!",지희쌤께 수업 세번 연장하고 있어요! 통증있는 곳 얘기하면 바로 원인 찾아서 쉽게 설명해주셔서 몸 자체를 고쳐가면서 운동하는 느낌? 입니당 아주 만족해요~!!!
3,,,,,,,,,,
4,"최인태 선생님에게 pt신청받아 운동했습니다
매니저님이 상담도 친절하게 해주시고 적절한 코스도 추천하셔서 믿져야 본전인 마음으로 운동 시작하게되었는데 적절한 운동방향성을 제시해주시고 자세도 잘 봐주셔서 원래 제가 무릎이 안좋아서 스쿼트도 못하고 앉기도 힘들어했는데 근육이 늘어서 그런지 앉은다리해도 바닥에 편하게 앉고 매일매일 졸린적은있어도 체력이 늘어서 힘든적은 없네요!! 매일 매주 거울 볼때, pt수업 끝난뒤에 더 의욕생기고 보람이 느껴지는 수업입니다 운동 고민있으신분들은 꼭 pt반 받아보시면 만족하실겁니다~!!","체력이 좋지 않은 편이었는데 인태쌤과 함께하고 근육을 어떻게 사용해야 하는지 알게되고, 소방시험에서도 좋은 결과 얻을 수 있었습니다🤗🤗 PT는 비싸지만 받기 전과 받은 후의 차이가 확실한 것 같아요! 무조건 추천드립니다ㅎㅎ","헬스를 처음 접하게되어서 최인태선생님께 피티를 받고 꾸준히 운동하는 습관을 갖게되었습니다 식단부터 운동까지 스스로 할 수 있는 기반을 만들어주셔서 감사합니다! 51k에서부터 46kg까지 처음 찍어보는 몸무게를 만들었습니다 앞으로도 꾸준히 멋진몸 만들기위
해 노력하겠습니다🥰 운동은 내삶의 이유영",이빈 선생님 피티 진행했습니다!! 운동은 처음이라 걱정 많이 했는데 하나부터 열까지 꼼꼼하고 몸에 맞게 잘 알려주시고 가르쳐 주셔서 덕분에 회사 다니면서 꾸준히 해보려고 노력하고 있어요!!! 앞으로도 쭈욱 해볼 생각입니다 ㅎㅎ 이빈 선생님 추천해요!!!!!!,매니저님에게 수업 받고있는데 너무 좋습니다 처음에 상담을 너무 잘 해주셔서 무조건 매니저님한테 수업 받고싶어서 더 지불하고 받습니다. ㅠㅠ 그래도 후회 없네용 ㅎ,"최인태 선생님, 백지훈선생님과 함께하는 시간이 즐거워요 ❣️운동을 즐겁게 할 수 있게 만들어주셔서 감사합니다 !!",매니저님에게 무료수업을 받았는데 너무 유익하고 좋았습니다!!! 매니저님 최고!!! 가능만 하다면 매니저님에게 수업 받고싶어용,헬스 처음하면서 처음 와본곳인데 시설도 깔끔하고 인태쌤에게 pt 받았는데 기본부터 차근차근 자세히 잘 알려주셔서 부상없이 득근중입니다 운동하시려는분들 강추드립니다.,매니저님이랑 수업 받고 있는데 현재 한달만에 체지방만 7키로 감량 중입니다!! 그래서 20회 추가 했어용 ㅎㅎㅎㅎ 다들 매니저님께 상담 받고 운동 시작해서 지방이들 날리세용~^^,이쁘고 착한 민오쌤이랑 바프를 향해 열심히 운동중인데 넘 좋아요 ❤️ 5층이라 창밖보면서 런닝뛰는것도 좋아용 맨날 출첵중 ㅎㅎㅎ
5,좋아요,굳,굳,ㅎㅎ,친절하세요,헬스장 좋아요,,,,
6,"무엇보다도 관장님이 너무 친절하게 운동 봐주시구요 동네 비싼 헬스장 PT 보다 훨씬 경력 있으시고 운동에 대해 알고 계십니다 30년 경력의
관장님이 저렴하고 체계적으로 운동 알려주셔요 
가격도 굉장히 저렴하고 헬스 기구들도 다양합니다 합리적 선택이에요",가격이 정말 저렴하고요 관장님이 친절해요. 기구도 괜찮아요 😊 운동해서 건강해져요~~!,이 퀄리티이기에 가능한 가격..!,굿,조아요,관장님 친절하시고 접근성 좋습니다,저렴합니다,관장님이 친절하세요!,관장님이 세심하시게 PT해주시고 매우 친절하십니다. 다른 곳에서 PT받을 때 신체접촉이 꽤 있었는데 불필요한 접촉이 전혀 없으셔서 매우 안심이고 편합니다. 시설이 좋진 않지만 가격이 합리적이라 앞으로도 이용할 예정입니다.,관장님이 친절해용
7,"PT수업 이대현선생님 추천해요. 진짜강추! Senior트레이너시고 이미 유명하시지만 조금만 더 유명해지면 좋겠어요(저하고 PT시간 겹치는분 많아지면 곤란해지니까). 전 다른회원분 PT 양도받아 시작했는데도 첫수업부터 진심으로 수업해주셨어요. 4개월차 PT받고있고 선생님덕분에 체지방 8kg빼고 헬스 기본기를 다져가는 중이에요. 무엇보다 자세가 진짜진짜 좋아졌어요! 제가 무미건조한 남자 회원이고 운동신경이 부족한편이라 따라가는게 좀 더뎌요. 그런데도 선생님이 중간에 절대 포기하지않으시고 대충하시지 않아주셔서 그게 정말 프로페셔널한것 같아 추천합니다. 인포분들도 친절하시고, 헬스장 사방이 통창으로 트여있어서 운동하기 쾌적한데, 회원권은 그냥사면 조금 비싸니까 3-6개월짜리 이벤트 할 때 사면 좋은것 같아요 : )",트레이너님 너무 쉽게 잘 알려주셔서 헬린이는 제대로 된 스쿼트자세 데드리프트자세를 알게되어 너무 기쁩니댜🤤 배운대로 잘 운동해서 엉짱이 되어볼게요 ㅋㅋㅋ,친절하고 꼼꼼히 봐주세요,가격 대비 별로였습니다.,"군데군데 먼지 뭉쳐있고, 기구에 묻은 땀먼지는 잘 안 닦여있어요. 노래도 가끔 발라드같은거 나오면 너무 쳐집니다
그 외에는 기구 새로 많이 들어오고, 바뀌는 중이여서 괜찮은 것 같아요",좋아요,좋아요,좋아요,"이 주변 헬스장 중 제일 비싼듯함
피티도 매우 비쌈",선생님이 정말 친절하시구 기구가 많고 정리정돈이 잘되어있어서 쾌적한 환경에서 운동할수있어요!
8,,,,,,,,,,
9,안다르 직원분 너무 친절해서 행복한 소비했습니당 ♥️,건강을 위해,다이어트 맛집이다 진짜ㅋㅋ 우리동네에 김신영 다이어트 시켜준 곳이 있다니 바로 상담받고 등록ㅋㅋㅋ 지난달 부터 시작했는데 한달동안 6키로 빼서 재등록 함~ 트레이너쌤이랑도 잘맞고 넘 좋아용~ 여름휴가까지 열다이어트!!,"예전에 다녔을 때 살을 많이 뺏었어요. 곧 여름이라 다시 다이어트 좀 할라고 등록했는데, 마침 이벤트도 해서 좋네요!!",굿,좋아요,,,,
10,굿,체험이랑 상담받고 넘 좋아서 그자리에서 p.t등록하고 운동중이에요 친절하시고 운동도 너무 잘 가르쳐주셔요 근력부족 팔랑팔랑 마시멜로인데 근육생기고있어서 신기해요,무료체험인데 인바디 측정해서 몸상태 체크하고 기구 한바퀴 돌면서 모두 설명 해주셨어요. 여성전용이고 친절하셔서 편안한 분위기였습니다~~^^,"최고입니다~ 이것저것 질문했는데도 친절하게 답변해주셔서 감사했어요ㅎㅎ 상담도 잘 해주시고요~
운동도 정말 도움 많이 될 거 같아요! 곧 등록하러 가겠습니다 ㅎㅎ",처음 방문하였는데 친절하게 안내해주셔서 편안하게 인바디재면서 체험하였습니다~,친절하게 상담해주셨어요. 무료체험도 도움이 됐어요.,친절한 인바디 상담과 커브스 상도클럽에 대한 소개와 모든 기구 사용법까지 안내해주셨어요. 감사합니다~!,친절한 상담과 쾌적한 시설 좋아요~,"친절한 체험 감사드립니다 ~~
조만간 운동시작하러 갈께요 ~~^^",친절히 안내해 주셔서 감사합니당 !!! ㅎㅎ
11,"학교 근처 헬스장 찾다가 와봤는데 시설이 너무 깔끔하고 사람이 꽤 많은데도 넉넉하게 운동할 수 있어서 좋았습니다! 처음 몇 번은 일일권 끊고 운동했는데 기구도 너무 잘 맞고 일정도 엄청 뒤죽박죽인 저한테 24시간 운영이 진짜 큰 메리트였네요ㅎㅎ⠀̂̈ 운동 꾸
준히 하고싶다 생각만 해봤지 맞는 센터 찾은 것도, 회원권 등록도 처음인데 상담도 친절하시구 충분히 둘러볼 수 있게 도와주셔서 너무 감사했습니다! 플로어 뿐 만이 아니라 탈의실이나 샤워시설도 잘 갖춰져있어서 좋은 것 같아요:) 이번 년도는 꼭 운동 제대로 성공해
보겠습니다!-!","항상 중대 후문 쪽 헬스장을 다니다가 상도쪽으로 빠지니까 너무 멀어서 새로 찾아본 센터인데 괜찮네요~ʺ̤~! 학교에서 거리도 5분 안쪽이고 센터 자체도 규모있고 머신도 넉넉해서 운동하기 편했습니다ʺ̤ 센터 사진만 봐서는 솔직히 긴가민가했는데 직접 와보니까 
생각보다 규모가 커서 놀랐네요,,! 등 하는 날이라 머신도 여러 개, 렉도 사용하는데 기다림없이 바로바로 쓸 수 있어서 간만에 제대로하고 왔네요◡̈ 덤벨 무게도 촘촘하게 구비되어있고, 공간도 여유로워서 편하게 하고 갑니다~! 일일권 몇 번 더 써보고 회원권 등록
도 생각해보겠습니다~",흑석동 최애 헬스장!!! 깔끔한 시설에 친절하게 상담해주시고 기구도 너무 좋고 다양해서 좋아요~!! 무엇보다 회원분들 몸이 너무 예쁘고 좋다는! ❤️,"2년 넘게 다녔는데 샤워실도 깔끔하고, 기구도 정말 많고, 무엇보다 사장님과 트레이너분들이 너무 친절하십니다 운동하고있으면 가끔씩 오셔서 자세도 봐주시고 새로운것도 많이 알려주시고..갬동쓰.. 흑석동 헬스장 중에서 제일 깔끔하고, 가격도 저렴해서 오랫동안 이용
하는것 같습니다 고장난것도 금방금방 고쳐주시고, 인포에서 안내해주시는 남자분도 넘 친절하세요!!",시설도 너무 좋고 선생님들 전부 너무 친절하십니다! 2년째 이용중인데 최고에요!,"처음으로 헬스장이라는 곳으로 운동을 다녀보려고 갔던 상담인데 너무 친절하게 맞아해 주시고 상담도 꼼꼼하 해주셔서 어색함, 걱정 없이 등록 완료 했어용:)","이번에 헬스를 하려고 등록했는데, 기구도 다양하고, 전체적으로 깔끔해서! 괜찮아요! 위치도 딱 좋아서! 퇴근하고 갔다가 집에가기 좋아요!!",기구나 이런것들 너무 깨끗하고 좋아요! 운동할 맛 나네요,동작구에서 시설이 엄청 깔끔한 편이고 무엇보다 24시간이라는 점이 가장 마음에 들었어요!,친절한 응대 정말 감사드립니다 🥰😊
12,사람이 별로 없는데 층별로 운동기구가 있어서 좋아요,개인적으로 단백질음료판매하구요 수건냄새 안나서 개인적으로 너무좋아요 이번에 1측확장해서 기대됩니다,운동을 너무 자세히 잘 알려주세요^^ 운동하기 너무 편안한 분위기라서 너무 좋습니다!,긴말 필요없음 잠깐잠깐 운동하기 최고,..딱히 불만은 없는데 좋다고는..,"시설 깔끔하고 쾌적해요 머신은 뉴텍 토쳐가 메인이고, 프리웨이트 시설도 잘되어 있어요 랙, 머신이 층마다 나뉘어져 있어서 왔다갔다 해야 하지만 사람 붐비는 시간엔 사람수도 한곳에 집중되지 않아 오히려 좋았어요 코로나 영업시간 제한없을 때는 24시여서 진짜 편했는데 빨리 제한 풀렸으면 좋겠네요",지하 1층부터 3층까지 운동에 따라 다르게 존이 설정 되어 있는게 너무 좋았습니다 운동기구도 많고 무엇보다 쾌적해서 하루 갈려다 이틀동안 내내 갔네요!,"2번째 등록함 7시 ~13시 쾌적하게 기구 독점 할수잇는 시간임 14시~17시 이때부터 사람 슬슬 몰림 층마다 이동해야하는 변수가 생겨버림 17시~20시 사람 너무많음 눈치보임 기구뒤에서 대기하는 사람 잇어서 빨리 하고 딴거 해야될거같음 20
시~22시 이시간에는 안오는걸 추천 재등록 이유 :4월말까지 3+1 행사 해서 지하1층에 체력수업 많이 해서 스미스머신 렉 철봉푸쉬업센서,윗몸센서 잇는데 여기에서 무료측정 가능 한거같음 지하1층에 기구 한두개 정도 더생기면 좋겟다",기존에 다니던 피티가 끝나면 여기로 옮길 생각 10000% 시설이 너무 좋아요.,늦은 시간인데도 상담 친절하게 작성해주셨습니다. 시설도 좋고 층마다 컨셉이 달라서 운동하기 좋은 것 같아요!!
13,원래 골프존치다가 qed처음하는데 어플로 타석을 집에서도 예약할수있는곳 처음봤어요ㅎㄷㄷ 사람없는시간에오면 지칠때까지 시간 넣어주셔서 살빠지겠네요 헬스도같이할수있고 암튼 완전추천입니다,굿,굿,굿,코로나때문에 운동을 못하다가 오랜만에 운동 하러 갔는데 넓고 지상층이라 환기도 잘 되고 좋았어요~ 기구도 많아요!,좋아요,나도 오늘부터 운동시작! 시설도 엄청 넓고 상담 할때 운동 열심히 나오겠다고 약속하니까 엄청 할인 해주셨어요!! 운동 처음 시작한다고 하니까 트레이너 배정되서 매월 운동 알려주신다고 하니까 좋은거같아요!! 직원분들도 너무 친절하고 깨끗해서 진짜 좋아요! 트레이너 선생님들도 다양한 분야에 있던 분들이라서 저와 맞는 선생님 배정 해주셨어요! 암튼 짐퍼스트 진짜 좋아요!!,"항상 헬스장에 혼자가면 운동하기가 어려웠는데 트레이너선생님들께서 친절하게 운동법을 알려주셨습니다. 넓은실내로 쾌적하게 이용할수있었습니다
너무좋습니다!","처음엔 관리가 잘 되는 듯 보였으나, 옷장이 망가진게 거의 4분의 1정도는 되고, 탈의실 휴지는 이제 아예 채우지도 않음. PT위주라 쌤들은 많고 친절한 편인데, 지점장인지 매니저인지하는 분은 인사 거의 잘 안하고 먼저해도 은근히 씹음. 짐퍼스트로 바뀌고 가격
을 많이 올렸으나, 장사가 잘 안됐는지 이런저런 이벤트를 많이 하는 편. 그냥 자기운동 하면서 다니기에는 괜찮음. 짐퍼스트 동작점",깨끗하고 친절해요
14,시설이 깔끔하고 기구도 다양해서 운동하기 편하고 좋네요. 상담하시는 분도 친절하시고 자세하게 설명해주셔서 좋아요. ㅇㅇ,평가에는 친절하다는 의견들이 있는것 같은데 실제로 응대해주신분은 좀 퉁명스럽네요.. 안경쓰신 선생님이 그나마 괜찮으신것같구요~ 주차 공간이 있어서 좋습니다. 지역 주민 활성화를 위하여 저렴한 혜택으로 회원이 많다보니 면적대비 밀집도가 높아서 좀 북적거리는 느낌입니다. 시설은 깔끔해요. 가격대비 가성비로 추천합니다.,친절하게 설명해주셔서 처음 방문한 사람들에게도 부담없이 등록할 수 있었습니다. 기구도 깔끔하고 개인 트레이닝 할 수 있는 공간도 넉넉합니다.,PT를 한번도 해 본적 없는데도 잘 이해할 수 있도록 설명이 친절하고 좋았어요! 꼼꼼한 설명과 안내에 믿음이 갑니다 앞으로 운동 잘 배울 수 있을 것 같아요,"돈쭐내줘야하는 헬스장👍👍
오랜만에 왔더니 기구도 새로 들어와있고 트레이너분께 소독제 요청했더니 더 놔주셨어요! 항상 3갤씩만 이용하다 이번에 하는 이벤트덕에 첨으로 장기권 등록했어요",친절하시고 운동 망설이고 있었는데 맘잡고 운동할수있게 도와 주셔서 감사합니다 !,여름이라 운동 시작하려고 등록했는데 위치도 좋고 시설 깔끔하고 좋아요!,동네 헬스장을 알아보던 중 상담을 받으러 여러군데 다녔는데요 mh 신대방점은 엘리베이터도 있고 주차도 가능하길래 들려서 상담 받고 등록했어요~~! 시설두 좋구 직원분들도 넘 친절하셔서 만족합니다 ㅎㅎ,"매니져님께서 친절하게 상담해주셔서 원래는 둘러만 보려다가 회원권까지~~~!!
시설도 깔끔하고 기구도 많고 무엇보다 운동할 조건이 딱 좋아요!!",스피닝수업기대됩니다!!
15,생애 첫 피티 등록했어요! 앞으로 운동이 기대됩니다:),쌤들 다 친절하시고 깔끔하고 좋아용!,친절히 잘 가르쳐줘요~,아담하지만 기구도 많고 리모델링해서 더 깔끔해졌오요,,,,,,
16,꼼꼼히 봐주시고 인체에 대해 잘 알고계셔서 믿음이 가요. 시설은 다소 오래됐지만 추천할만한 곳이에요!,오~ 필라테스 맛집! 자세 넘 잘 잡아주셔서 허리 통증 없이 운동할 수 있어 너무 좋아요~ 꾸준히 할께요❤️,오전쌤 잘가르쳐주세용,굿,,,,,,
17,굿,,,,,,,,,
18,"처음에 30회만 끊었다가 추가로 더 등록했어요! 이전에 극한으로 다이어트를 하다가 번아웃이 와서 1년간 운동을 그만두었어요. 다시 시작해보려고 찾은 센터였는데 너무 만족스럽습니다~ 제가 골반이 틀어져있고 좌우 균형이 많이 맞지 않는데 재범쌤이 운동재활 쪽 공
부를 많이 하셔서 그런지 자세를 진짜 잘 잡아주셔요. 한 발 데드리프트 자세만 보아도 좌우 차이가 엄청났는데 지금은 많이 좋아졌답니당. 운동 뿐만이 아니라 식단도 꾸준히 할 수 있는 식단으로 가이드해주시는 부분도 너무 좋았어요. 다이어트 때 탄수화물은 고구마가 최
고라고 생각했는데 저의 편견을 깨주셨습니다. 지금은 식단을 엄청 타이트하게 하는 것도 아닌데 살이 빠지네요! 꾸준한 다이어트를 하고싶은 분, 몸의 좌우 균형을 맞추고 싶으신 분에게 추천드려요!!!",웨이트 처음 해보는데 친절하게 하나하나 알려주셔서 좋았어요 근력 만들기도 중요하지만 체형별로 기능적인 부분이나 가동성 부분도 잘 잡아주셔서 체형교정에도 도움이 많이 됐습니다!!! 강추강추 🌈🌈🌈,"재범쌤께 오랜시간 피티 받고 있는데 몸 상태에 따라 맞춤케어 해주셔서 다이어트 및 체형교정 하기에 좋아요! 극단적인 운동, 식단 방법을 알려주는 것이 아니라 현실적으로 실행 가능하도록 가르쳐주시고 조언을 해주셔서 스트레스 덜 받으며 관리하고 있습니다 피티 등록하
면 운동복, 샤워실 등 무료 사용이 가능하고 무엇보다 피티 가격이 합리적이라서 아주 좋아요!! 그리고 선생님들 모두 엄청 친절하십니당👍🏻","PT샵 여러군데를 다녀봤지만, 피트니스 452만큼 합리적인 가격에 질 좋은 레슨을 해주는 곳은 처음입니다. 선생님 두 분 계신데 모두 친절하시고 체계적으로 운동 잘 시켜주십니다. 운동 고민하시고 계신 분들 있으시면 적극 추천드립니다👍","흑석동에 이런 곳 또 없어요 ㅠ
피티쌤 정말 친절하시고 바프 준비 중인데 식단이랑 운동 다 현실적으로 조언해주시고 케어해주세요~!
저만 잘하면 될 거 같아요 *^^* ㅎㅎ","재등록이 벌써 세 번째 입니다. 항상 친절하게 설명해주고, 50분 동안 운동 효과가 극대화 될 수 있도록 자세를 세심하게 잘 가르쳐줘요. 무리가 가지 않는 선에서 기분 좋은 근육통이 느껴지는 운동을 할 수 있어요. 운동복도 무료제공이라 그것도 편하고 좋아요. 여자분들 근육량을 늘리고 싶으면 주 2회 꾸준히 3개월이상 관장님한테 수업들으면 몸이 달라진 걸 확 느낄 수 있을거에요. 제가 그랬거든요. 득근에는 여기 강추합니다.","동네에 얼마 없는 단비같은 피티샵 입니다.
쌤들 친절하고 개인 운동도 가능해서 좋아요.",운동초보인데 자세도 잘잡아주시고 설명을 자세하게 해주세요~ 식단 관리도 함께해주셔서 더 효과를 볼수있을것같아요 아직 초보단계지만 꾸준히 하면 효과를 볼수있을것같아요!!,선생님 두 분 다 친절히 잘 알려주세요 가격도 다른데보다 저렴하고 기구도 깨끗하해요~~ 주차도 할 수 있어서 좋아요 강추합니다!!,유성ic 들어가기 전에 있어서 편리행요!
19,,,,,,,,,,
20,"인바디 재는데 돈을 받다니...
서울이라그런가...상담도 없고 진짜 재주기만하네요ㅋㅋㅋㅋ",추천합니다 !!!!!!,좋아요,😀😀😀😀😀😀😀😀😀😀,"대표님이 너무 완벽하게 설명도 잘해주시고 완
트레이너쌤들도 넘 좋아요~
시설도 넘 좋아요!! 노량진에서 이렇게 좋은곳을 이제야 왔다니..","강추에요 강추❤️시설도 깨끗하고 넓어요!!
무엇보다 트레이너 쌤들 다 너무 친절 ㅠㅠ👍🏼
원투원 흥해랏!!",죠씀다,체대입시 좋아요,가격 대비 괜찮아요,
21,수업이 체계적이고 시설이 깨끗합니다. 술 자주먹는 직장인이어도 맞춤 레슨 덕분에 나아지고 있어요. 😎 변종훈 트레이너님 추천!,"신대방삼거리에서 유일하게 강제영업안하고 맘편하게 운동할 수 있는 곳입니다. 김태경쌤에게 1년 가까이 배우고 있는데, 만성 무릎 통증 거의 없어졌고, 팔꿈치 통증도 많이 호전됐어요. 쌤께 항상 감사드리고, 꼼꼼하게 그날 그날 컨디션 체크하시면서 PT해 주시고, 계속 운동을 하게 만들어 주십니다. 태경쌤 옮기시면 저도 따라 갈꺼에요 ㅎ
신대방삼거리 사시는 분들 중에 운동이 필요하신 분들은 고민마시고 바디킹 PT샵으로 오세요. PT샵 유목민이 정착하게 됩니다!","변종훈 선생님께 배우다가 이번에 재등록해서 후기 남깁니다!🙂 평생 운동이라고는 숨쉬기밖에 해본 적이 없어서 기본적인 체력도 기초 근력도 없는 상태인데, 운동이 뭔지 몸을 어떻게 써야 하는지 하나도 모르는 뉴비도 이해하기 쉽도록 차근차근 알려주십니다. 또 천편일률
적으로 정해진 동작만 알려주시는 것이 아니라, 현재 수준과 체형에 맞게 도구를 바꾸거나 동작을 응용해서 알려주시는 점에서 세심한 배려와 전문성이 느껴집니다. 운동 중에 궁금한 것이 생겨서 질문하면 세세하게 답변해 주시는 것도 만족스러웠습니다! 피티샵이라서 그런지
 시설도 쾌적하고 깨끗하고, 무엇보다 지하철역 출구 바로 앞이라 아직 운동 의지가 다소 부족한 저 같은 사람도 다니기 쉬운 위치라 더 좋습니다😅 앞으로도 잘 부탁드려요!","단순히 몸이 좀 커지고 싶어져서 운동을 시작했습니다. 태경쌤한테 배우고 있는데 처음에는 30회 정도만 해봐야지 하고 시작한게 30회가 다 끝나갈 무렵 20회 추가로 결제를 했습니다. 운동하면서 변화되는 모습이 눈에 보이는 정도라 30회만 하고 마무리 하기
가 굉장히 아쉬웠습니다. 몸무게도 60kg에서 지금 거의 68kg이 된게 믿기지가 않네요. 하루하루 인생 최고 몸무게를 기록하고 있네요. 태경쌤이 운동도 정말 열정적으로 잘 알려주시고, 계속 알려주시면서 이해 안되는부분은 설명도 굉장히 잘해주셔서 운동하면
서 어려운점이 하나도 없었네요. 식단도 알려주시는데로 먹기만 했는데 벌크업도 굉장히 잘되고 있구요. 그냥 시키는데로 잘 따라가기만 하면 굉장히 만족스러운 결과가 나올것 같습니다. 정말 추천드립니다.","김태경 선생님한테 처음 피티 받아보는데 선생님이 엄청 잘 봐주시고 식단도 케어를 잘해주세요 그리고 운동에 대한 지식과 효율을 엄청 잘 알려주시는것 같아요! 수업도 엄청 디테일하게 들어가고 시설도 엄청 깨끗해요 덕분에 확실히 눈에 보일만큼 근육도 붙고 운동에 대한 
지식과 자세를 많이 배웠었던것 같아요","이형우쌤과 20회+30회 수업하고 이번에 30회 다시 등록했습니다. 7개월동안 서서히 근육이 오르고 지방만 빠지는 건강한 다이어트 중입니다. 처음보다 체력도, 운동능력도 향상된게 스스로 느껴져서 더 만족스럽습니다.☺️ 눈바디로 봤을때도 전체적으로 이전
보다 슬림해지고 몸이 탄탄해졌어요. 그리고 제일 좋은 점은 회사에서 받은 스트레스가 운동으로 해소된다는 점!! 운동을 시작하고 스스로 느끼는 좋은 변화가 많아서 요즘 주변 사람들 만날때마다 운동을 추천하고 있습니당^^ 신체적으로도 정신적으로도… 운동은 진짜 
필요한 것 같아요. 필수! 꾸준히 할 계획이 있으신 분이라면 50-100회 길게 등록하는 것도 추천드려요. 전 처음부터 50회로 등록할걸… 하고 후회중입니다…🥲",태경쌤 세번째 등록임. 여전히 잘 가르쳐주시고 관리도 잘해주심. 못따라가는 내 몸뚱아리만 문제임ㅋㅋ 그날그날 컨디션에 맞춰서 프로그램 잘 짜주시고 손목 수술했는데 재활도 맞춰서 잘해주심. 나만 잘하면 됨. 나만ㅠㅠ 암튼 태경쌤 완전 열정적으로 최선을 다해주심!!! 등록 기기ㅋㅋ,"이형우선생님께 20회 받고 있습니다! 여기 계신 모든 선생님들이 매번 갈때마다 밝게 인사해주셔서 좋았습니다 :) 그리고 헬스장 음악 선곡이 진짜 마음에 들어요! 원래 운동할때 에어팟 끼고 하는데 여기서 운동한 뒤로는 에어팟 필요 없습니다 ㅎㅎ 제가 듣는 음악
보다 더 신나고 선곡이 장난아니라서 신나게 운동할수 있습니다 !! 그리고 혼자 2년동안 운동할땐 한번도 못느꼈는데 이형우선생님이랑 운동하니까 엉덩이에 근육통이 처음으로 생겼습니다!!!!! 무엇보다 운동하는게 재밌다는 생각이 들게 해주셔서 제 인생 처음으로 매일 
헬스장 가서 운동하고 있습니다 저는 너무 만족해서 추천합니다:)","다이어트 목적으로 처음에 20회 끊었어요. 수업 받다 보니깐 꼼꼼하게 자세도 잘 봐주시고 저 스스로도 아쉬워서 연장 등록했어요!💪

다른샵도 다녀봤는데 보통 등록 강요나 무리하게 다이어트 시키는 경향이 있는데 여기 이형우 쌤은 그런거없이 현실적으로 건강하게 살빼는 방법을 알려주셔서 더 좋았어요!","pt수업을 연장, 연장하여 세번째 수업을 김태경선생님께 받고 있습니다. 아직 한참 모자란 운동인이지만 7개월쯤 식단과 운동을 지속하다보니 식단이나 심리상태가 불안정할때가 생겨서 힘들때가 있었는데 그 때마다 선생님이 공감해주시고 독려해주신 덕분에 빠르게 극복할 수 있었습니다. 운동도 중요하지만 꾸준한 멘탈관리도 중요하더라구요. 건강상태를 늘 꼼꼼히 체크하셔서 맞춤운동으로 수업하여 주시고, 어려워하는 식단도 구체적으로 구성해 주셔서 어렵지 않게 여기까지 왔네요. 김태경선생님은 운동의 기승전결이 있어 전문적인 운동을 배우는 기분이라 정말 좋습니다. 감사드려요!"
22,트레이너쌤들이 친절하고 자세를 자세히봐줘요.,강사님들 너무 친절하시고 좋아요 ~!!,운동 하기 좋아요,운동 하기 좋아요,"집 근처에 괜찮은 헬스장을 찾았네요!! ><
PT쌤도 다 너무 친절하시고 시간대만 잘 맞으면 편하게 운동할 수 있고 넘 좋아욧!!",크로스핏 배우러 갔다가 헬스까지 할수있어서 너무 좋았습니다!! 무료 수업까지 있어서 수업받고 너무 좋아서 이기회에 피티까지 등록했습니다!! 감사합니다 야쓰,"상담해주시는분들이 너무 친절하고 확실히 사장님이 직접 운영하시는곳이라 그런지 시설도 깨끗하고 좋았습니다 가장 좋았던점은 코로나시기에 방역이 소홀하 하는곳이 많은데 엘루이짐은 방역 소독 환기부터 아주 잘되있고 청결한 상태를 유지해서 더 좋았습니다 회원님들에게 친
절하게 하나부터 열까지 자세히 알려주는 모습에 감동 받아 등록하였습니자!! 오래동안 잘 유지되었으면 좋겠습니다",헬스랑 크로스핏 하기 최젇,2년째 다니고있는데 시설을 계속 더좋게 바꾸시네요 주변센타 다 노후되있는데 항상 기분좋게 운동하고갑니다! 이번엔 헬스점장님이ㅋㅋ 벛꽃에디션이라고ㅋㅋㅋ 벛꽃디퓨저로 꾸며놨네요ㅋㅋ,"직원분들도 친절하시고 트레이너쌤들이 훈훈하시네여!!ㅎㅎ
그리고 무엇보다 머신들 자극이 미쳤네요..ㅎㅎ"
23,"여러 센터 상담다니다가 제일 친절하셔서 1개월만 먼저 끊어 봤습니다 !
락카시설까지 같이 포함한건데 생각보다 가격도 적당하구 좋네요
열심히 다닐게요","시설도 깔끔하게 관리가 잘되있고 
넓어서 운동하기 편해요
선생님들도 재밌고 친절해요 ㅎㅎ",시설도 좋고 강습도 친절하게 세심하게 잘 코칭해주셔서 늘 재밌게 다닐수 있어서 강추합니다,굿,웬만한건 다있고 시설도 나쁘지 않아요,깨끗하고 좋아서 등록했습니다,깨끗해요,머신들은 좀 낡은 편이지만 괜찮아요~~~,괜찮아요~~,괜찮아요~
24,필라테스와 PT를 동시에 받을 수 있어서 좋고 상담도 꼼꼼하고 친절하게 해주셔서 좋았어요. 집근처 헬스장하고 비교해보다 조금 멀더라도 여성전용이고 선생님들이 많으신 클레어 피트니스로 다니기로 결정했어요. 앞으로 운동이 기대되요.,은지쌤한테 두달 수업들었는데 항상 좋아요😊 친절하시고 정말 수업 잘해주셔서 다이어트도 잘돼고 있어요 시설도 깔끔하고 기구도 다양하고 역이랑 가까워서 너무 편해요! 앞으로도 계속 다닐 것 같아요🥰,"체력이 너무 떨어지는 것이 느껴져서 운동 시작해야겠다 하고 마음 먹고 방문하여 상담 했는데 바로 등록하게 만드는 매력이 있는 곳입니다 
40분넘게 친절하고 꼼꼼하게 상담해주셔서 앞으로 운동할 날이 기대 됩니다ㅎ",상담이 너무 친절하시고 가격도 자세하게 알려주셔서 좋아요~ 은지쌤이랑 20회 개인 레슨 진행했는데 몸상태에 맞춰서 수업을 체계적으로 알려주셔서 항상 즐겁게 운동해요~ 너무 좋아서 재등록 합니다! ;),쌤이 가벼워서 잘 밀릴줄 알았는데 너무 힘들었어용..ㅋㅋㅋㅋㅋㅋㅋㅋ😆😆 힘든 운동도 재밌게 알려주시는 다혜쌤 덕분에 꾸준히 할 수 있었어용 🤍💕 체형도 많이 변하고 체력도 늘어서 너무 재밌어요!,20회 pt 받은 이후 시설 이용권 재구매 했어요 :) 선생님도 친절하게 열정적으로 알려주시고 다른 선생님들도 친절하세요! 여성전용이라 편히 잘 다니고 있습니다 :),벌써 4년이 다되게 다니는 곳이에요. 늘 체계적으로 도와주고 애써주시는 수아쌤 쵝오에요 :) 항상 한결같이 깨끗하고 트레이너샘까지 전부 여자만있어서 진짜 여자를위한 진짜 여성전용 센터라 앞으로도 쭈욱 다닐예정에요. 수아쌤도 ㅎㅇㅌ,여성전용이라 좋아요!! 친절하고 좋아요!^^ 고민하고 있다면 이곳으로 픽!! 역시 시설도 깔끔하고 핑크로 되어있어서 좋아요 ㅋㅋ기구들도 적당하게 있습니다 역시 상담도 잘해주셔용,시설이 정말 깨끗하고 쾌적해요! 상담도 너무 친절하고 자세히 설명해주셔서 편안했습니다! 역 바로 앞이라 찾아오기도 좋고 특히 여성전용이라 정말 좋네요!,상담이 되게 꼼꼼하고 다시금 운동을 시작할 용기가 없었었는데 용기를 낼 수 있도록 꼼꼼하고 세심하게 상담해주셔서 좋았습니다! 그리고 여성전용센터여서 정말 좋습니다!
25,좋아요,,,,,,,,,
26,좋아요. 꼼꼼하신 선생님에 가격도 다른 곳보다 저렴하구 1대1이라는 점도 마음에 들어요,굿,좋네요,,,,,,,
27,"일일입장으로 이용해보고 머신이 생각보다 좋아서 1년으로 바로 업그레이드 했습니다‼️
피크타임 때 사람들 꽤 많이 운동하는데, 워낙 규모가 커서 웨이팅이 없다는게 장점이었습니다
호이스트 머신 처음써보는데 생각보다 너무 괜찮더라구요!! 올해 헬스장은 여기로 등록하고 한 번 열심히 다녀보겠습니다! 상담 친절해서 비싸도 걍 여길 오기 잘한 듯 ㅎㅎ","헬스장 등록은 처음이라 걱정하는 마음으로 방문했는데 친절하고 부담스럽지 않은 상담으로 안내를 받을 수 있었고, 가장 마음에 든 건 공간이 굉장히 넓어서 다른 사람의 시선을 걱정하지 않고 운동할 수 있다는 점 이었습니다. 시설관리도 잘 되어 있는 것 같았어요. 탈의시설도 깔끔하고, 정돈이 잘 되어있고. 최근에 리모델링 해서 그런지 전반적으로 말끔하고 쾌적했습니다!",직원분들이 너무 친절하시고 공간도 넓고 기구도 종류별로 너무 많아서 너무 좋네요 등록하면 무료O.T 받을 수 있다 해서 1년권 등록하고 받았는데 트레이너 선생님이 너무 자세하게 알려주셔서 너무나도 만족합니다!,"오픈세일한다고 해서 방문했는데, 시설대비 가격괜찮아서 등록했음 객관적 나의 내돈내산👍 - 보라매 주변 다 알아본 결과 여기가 가장 넓고 쾌적함 - 일단 상담 서비스가 좋아서 등록함 - 머신이랑 기구들이 엄청많음 마치 놀이터 갔달까? - 헬창여자인 나 혼자 개인운동
하기 짱 - 퇴근시간인 피크타임 빼고는 사람그렇게 안많아서 운동하기 좋음 - 머신이 다양하다 보니 웨이팅 할 필요 없음","한동안 운동을 너무 안해서 살도 많이 찌고 몸도 많이 무거웠는데 점점 피티받으면서 많이 가벼워진 것 같습니다! 운동할 때 어디에 자극이 가고 항상 친절하게 답변해주셔서 만족도 높게 피티 받는 중👏‼️
이사온지 얼마 안되서 오픈세일하는 겸 등록했는데 앞으로 꾸준히 운동 할 예정👍
머신 기구 많고 전에 받았던 피티보다 개인적으로 훨씬 만족도 높습니당",유니크한 시설이 쏙 마음에 드네요 상담을 너무 친절하게 해주셔서 연회원권 등록하고 왔습니다 인테리어 공사중이라던데 얼마나 더 예뻐지고 좋아질지 기대되요! 건물입구에 상담해주신 여자상담사분 너무 친절하고 예뻐요,"직원분들 친절하시고 좋은 기구들이 많이 있는거 같습니다.
스크린 골프도 재밌어 보이는데 나중에 등록할거같아요 ㅎㅎ",리모델링 전에도 가끔 이용했었는데 리모델링 후에 더 넓어지고 운동하기 좋아졌네요 집만 가까우면 1년 등록해서 할탠데 아쉽네요,웨이트 운동하는장소와 유산소 운동하는 장소가 나뉘어져있어서 좋았습니다. 웨이트 운동 공간이 하나 더 있는것도 좋았구요. 리모델링한다고 하는데 상당히 기대가 됩니다👍👍,"직원분들이 친절하시고 기구도 다양해요~
공간이 다양하게 나눠져 있어서 붐비지도 않고 넓어요 ㅎㅎ"
28,"인터넷 검색하다 우연히 알게된 커브스 ᆢ 주치의선생님의 운동의 필요성을 늘 무시하고 숨쉬기운동만 하는 저에게 딱 맞는 프로그램이라 로또 당첨보다 더 기쁜 느낌입니다~ 아직 새싹회원이지만 출석도장 찍을때마다 학교다니는 느낌이 들고 숙면도 취하게 되어 퇴근후 자동
으로 발걸음도 가볍게 클럽으로향합니다^^ 특히 커브스 사당점으로 멀리서도 오시는 회원이 많은 이유는 대표님과 코치님들의 전문적인 가르침과 기구사용 잘 못해서 역효과 날까봐 늘 주시하시며 수정해주시기 때문이 아닌가 싶어요~ 운동에 취미를 못붙이고 계시는 분들은
 노후를 위해서라도 하루빨리 발걸음을 옮겨 커브스사당점으로 오세요~~",지금 1년 넘게 다니고 있어요!!이번에 또 재등록 했습니다!!!!운동효과 엄청나네요ㅋㅋㅋ추천합니다!!!!,"운동은 꾸준함이 제일 중요한데 저같이 체력저질인 사람도 짧고 굵게 할만합니다~^^한달도 안됐는데 체력많이 올라갔구요, 몸도 탄탄해졌어요 ㅎㅎ
말이 한달이지 아이 컨디션따라 일주일에 2~3번 했는데도 오래살거같은 기분이 🤣🤣 
저는 발레, 헬스, 등산, 요가 했었는데 각각에 장단점이 있지만 커브스의 30분만 하고도 하루운동 끝이라는게 가장 큰 장점인듯 합니다^^","연령대와 몸 컨디션에 맞게 체계적이고 정확하게 바른 자세와 운동 처방을 해주시는 대표님는 전국 커브스 에서 여기 사당센터 밖엔 없으신거 같아요 대박쓰~~!! 스쿼트와 플랭크 등 코어 중심으로 운동하는 방법을 아주 제대로 배웠습니다 또 하나 센터 분위기가 너무 좋더라구요~~깨끗하고 방역도 확실하게 하시구~암튼 번성하시길~^^
갖",저질체력이라 일반 헬스장에선 기구 운동 엄두도 못 냈는데요ㅠ 여기선 여자들 맞춤 기구에다가 pt처럼 선생님들이 상세하게 알려주셔서 열운동하게 됩니다! 운동 망설이는 분들에게 추천해요!!,운동을 안하다가 다시 시작하려니까 자세도 안나오고 힘들었는데 선생님들이 자세나 운동하는 방법을 자세히 알려주시고 해서 재미있고 즐겁게 운동하고 있어요~,"내가 편하고 원하는 시간에 충분한 운동량을 즐길수 있어 대 만족입니다 대표님과 코치님들 한결같이 자세 잘 잡아주시고 즐겁게 운동할수 있도록 이끌어 주셔서 꾸준히 할수 있는거 같습니다 코로나 시기에도 안심하고 운동할 수 있도록 늘 청결에 신경써 주셔서 감사합니다
 앞으로도 사당커브스와 함께 건강 지키도록 하겠습니다~♡♡","가벼운 마음으로 즐기면서, 지속적으로 운동을 할 수 있는 것이 장점입니다. 특히, 체중관리, 체지방 및 골격근 관리에도 좋습니다. 대표님과 선생님들께서 체계적으로 가르쳐주신 대로 운동을 했더니, 몸이 짱짱해졌습니다!!! 

커브스 사당클럽 최고♡",개인pt가 아닌데도 선생님들이 pt 수준으로 자세를 봐주세요!!!! 그럴때마다 더 열심히 하게되고 동기부여가 되더라구요^^ 선생님들께서 특히 스쿼트에 진심이신것 같고.. 저는 그동안 잘못된 자세로 스쿼트 해서 무릎이 아팟는데 이제 안아프게 많이 하게 되었어요~ 전국 커브스 중에 여기가 최고이지 않을까 생각해요~ㅎㅎ 커브스 사당클럽 번창하셨으면 좋겠어요 제가 오래오래 다녀야 하니까여~~ㅋㅋ,"대표님과 스탭쌤들이 친절하게 자세와 동작 알려주시고 피드백을 주십니다
덕분에 3년동안 열심히 운동 중이고 만족스런 몸매 유지중입니다~^^"
29,바프 준비중인 사람입니다💪🏻 최근 여기 회원으로 등록했는데 상당히 청결하고 좋았습니다. 헬스장 안에 태닝샵도 있어서 따로 다닐 필요가 없어 너무 편리해요! 노량진역 안에 있어서 출퇴근하면서 들리기도 넘넘 편했습니다. 앞으로 잘부탁드려요🙏🏻,오랫동안 다녔는데 쾌적하고 직원분들이 엄청 친절하세요! 등록하고 다시 재등록할만큼 좋습니다!,노량진 역과 이어져 있어서 접근성이 아주 좋습니다! 샤워실도 그렇고 전체적으로 매우 깔끔합니다! 기구도 알차게 있어서 이 근처에서 사시는 분들 운동하러 오시기 좋을듯 합니다!!,시설도 깔끔하고 운동기구도 다양해요 좋습니다👍👍,직원분들이 친절하고 시설이 깨끗해요!,"회사 근처에 이렇게 깔끔한 헬스장이 있다니..!
위치가 역안에 바로 있어서 퇴근길에 바로 운동하기 너무 좋더라구요 운동하고 바로 지하철타고 집에오도 편하구 위치가 너무 맘에 들어서 등록했는데 시설도 깔끔하구 쌤들도 너무 친절하셔서 운동할 맛 제대로에요!",시설이 너무 깔끔하구 기구도 다양하구 무엇보다 제가 운동하기에는 케틀벨이 무게별로 다양하게 있어서 적당한 무게를 골라서 운동할 수 있어서 무리가 안 가고 좋더라구요! 쌤들도 엄청 친절하셔서 운동도하구 기분도 좋고 일석이조에요☺️,"일일 회원권으로 이용해봤네요 반월성 연골에 레그컬 운동기구가 좋대서 센터방문 생각보다 많이 크지 않아서 놀랬구요 인터넷에서는 엄청크게 봐서… 운동복이 맘에 들었어요 운동기구는 잘몰라서 물어봐야해서 근력운동 기구는많이 못했네요~ 샤워장이 생각외로 아니여서 
ㅠ 집에와서 씻었어요 우선 몇번은 가볼까합니다~ 평일인데 사람이 많이 놀랬어요~",아직 아무래도 청결부분을 쫌 신경쓰는편인데 청결상태도 좋고 시설도 깔끔해서 마음에 들었어요^^ 요즘 케틀벨에 관심이 많은데 kg가 다양하게 많아서 너무너무 좋았어요!!,"1. 같은무게의 덤벨이 두쌍씩 있는게 좋았음
2. 직원분들이 많이 친절하셔서 운동하기가 편했음
3. 진짜 다니는 5일동안 오랜만에 마음편히 운동해봄"
30,노량진에서 헬스장 규모가 제일 크고 시설도 좋고 깔끔합니다~ 1:1 PT쌤도 꼼꼼하게 잘 알려주시고 친절하세요! 친구추천하고 리뷰이벤트로 연장되는 것도 좋구요~ 가끔 인포에서 불친절 할때 빼고는 만족하네요 ^^,노량진 헬짱 친구라면 여기를 모를 수가 없습니다 기구 뉴텍으로 쫙 깔려 있고 등 운동 맛집은 엑스 콩고입니다 등신이 되고 싶음 추천 렉도 7개 있는 곳은 처음입니다 …. 고시원 보다 더 좋은 곳입니다 노량진에서,"엑스콩고 휘트니스 배터리 체력학원만 다녔었는데 이번 처음으로 헬스장만 끊어봤더니 너무 좋았습니다! 기구도 다양하고, 깨끗하고 유산소 공간이 따로 있고! 유산소 기구도 많아서 본인이 하고싶은 걸 할 수 있는게 참 좋은 것 같아요! 👍🏻","노량진에서 운동하기 가장 쾌적한 공간인거 같네요
공간도 넓고 샤워실도 깔끔합니다",벌써 노량진 수험생활부터 현직까지 합쳐서 3년이상 이용중인데 시설은 노량진에서 가장 깔끔하고 좋습니다 ㅎ 그리고 안주하지 않고 항상 최신화 시설로 업데이트도 해줘서 너무 만족합니다 ㅎㅎ,기구가 엄청 다양해서 무엇을 할 지 고민했던 기억이 납니다. 1일 헬스 득근하고 갑니다~^^,"노량진에서 제일 좋은 헬스장인듯
기구도 많고 렉도 많음",공간도 넓고 기구가 다양해서 운동하기 너무 좋습니다.,"아주 좋아요
아주아주 좋아요
추천해요+_+",노량진에서 제일 좋은 헬스장이에요
31,"코치님들 친절하고 설명 잘해주심
일반 헬스장도 좋지만 특히 여기는 부지런한 분들많아서 동기부여가 많이 되고 열심히 하게돼서 좋음","다들 파이팅 넘치고 코치님들도 세심히 케어 해 주시고 설명 차근차근 잘해주심
같이 운동하시는 분들도 옆에서 긍정에너지 많이 주심",친절하시고 개인 역량에 따라 잘 가르쳐주세요!,처음 크로스핏을 하게 되었는데 수업이 끝났어도 친절하게 알려주시는 코치님들 정말 최고에용 !! 수업도 매주 다르고 특히나 운동하는 사람들 분위기가 화목 그 자체.. 처음에만 어색하지 화이팅 으쌰으쌰 하고 있는 제 모습을 볼 수 있는 .. 신비한 이 곳 ..,내 인생 첫 크로스핏 모브에서 시작하여 벌써 재등록까지?! 회원님들을 위해 노력하시는 코치님들과 만족스러운 운동으로 모브에서 못나갈듯..ㅎ 굿굿👍,맞춤케어가 끝내줘요,,,,
32,"여기 대박이네요 이렇게 깔끔한 헬스장은 처음입니다. 일부 헬스장에서 끈적거림과 꿉꿉함을 느꼈던 운동인분들!! 펠리스짐으로 오세요 상쾌하고 쾌적해서 운동이 안될 수가 없는 곳입니다 특히! 개인 샤워실이 아주 마음에 듭니다~! 간만에 아주 만족한 헬스장 추천!합
니다~!!!","처음방문때 너무 친절하게 설명을 해주셔서
또 재등록을 하러 방문했는데 여자트레이너분께서 너무 친절하게 설명을 해주셔서 역시나 펠리스짐은 다 친절하구나 한번 느꼈다 시설도 너무 깔끔하고 샤워부스가 1인이라서 너무너무 맘에 들었습니다","들어왔을때부터 깔끔하게 정리된 느낌을 확받아서 너무 좋고~! 기구가 다양해서 너무 좋아요!👍 라운드숄더랑 거북목때문에 고민이였는데 ㅠㅠ 재현쌤한테 체형평가부터 움직임평가까지 처음받아보고 수업을진행중인데 소름돋게 생활패턴도 다 맞추시면서.. 어디가 안좋은지 정
확히 캐치해주시고! 왜 안좋은지 말씀해주시고 어떤 교정운동을 해야하는지 가르쳐주셔서 ㅠㅠ 목어깨 통증도없어지고 너무 햄벅해요🥹 식단관리까지 완벽하게 피드백해주셔서 너무만족합니다😍",시설이 너무 깨끗해요! 그리고 맡아준 지욱쌤 너무 친절하세요 ~~~~~😃,"헬스 등록하러 동네에서 알아보다가 오후 쯤에 갔는데 그때 계신 상담선생님이 너무 친절하셔서 여기 등록했어요. 무료 오티도 있어서 잘 모르는 운동 방법들도 배울 수 있고 운동의 계획도 잘 짜주시는 점이 너무 좋았습니다!! 편정범 선생님 감사합니다! 운동 기구와 시설
도 너무너무 좋고 깔끔해요. 그리고 샤워시설은 개인 샤워부스로 되어있어서 프라이빗하고 좋아요👍🏼 동네분들에게 강추입니다💪🏼💪🏼","오픈한 지 한달도 안된 신상 헬스장이에요! 체력 단련 목적으로 다니고 있는데 무료 PT 기회도 있어 나에게 맞는 기구 이용법이나 운동 방법 등을 알기 쉽게 코칭해주시고 지속적으로 피드백해주셔서 진짜 좋았어요! (용재쌤 감사합니다! 친절하세요!!!) 샤워시설도 넘
 깨끗해서 이용하기 편하고요! (여자들은 샤워시설에 민감한데... 깨끗합니다!) 런닝머신이 넘 좋고요.(집 헬스장 런닝머신도 나름 새거였는데 확실히 여기 런닝머신이 소리도 안나고 좋네요) 모든 기구가 새거이면서 좋아보입니다! 등록하길 잘했단 생각이 듭니다!!",이렇게 깔끔한 시설과 친절하신 트래이너분들은 처음이라 운동할 맛이 나고 계속해서 재등록하네요ㅎㅎ은도와고있으면 오셔서 자세도 꼼꼼히 봐주셔서 좋습니다~~,헬스장 방문하자마자 너무 친절하게 인사해주시고 응대해주셔서 1차로 기분좋았고 샤워실&웨이트존 등 너무 깔끔하게 되어있어 기분좋게 등록했습니다 감사합니다👍,오전에 왔는데 시설이 깔끔하고 좋았어요!!! 오늘 첫 오티라…아무것도 몰라서 두려웠는데 혜림쌤이 스트레칭부터 꼼꼼하게 알려주셔서 … 좋았습니다!!!다른 직원 분들도 너무 친절하시고 ㅠㅠ 만족합니다!!!! 여기서 지방 다 뺄래요 ㅠㅠ,우리 동네에 이런 곳이 생겼다니!!! 새로 생겼다해서 가봤더니 상담도 너무 친절하고 시설도 너무 좋아서 바로 등록했네요~~^^ 무료 OT도 신청했어요!!! 헬스만 하는 줄 알았더니 필라테스도 한다니!!! 곧 필라테스도 등록하려구요ㅎㅎ 남편한테 자랑했더니 남편도 좋다구 곧 등록하러 온답니다ㅎㅎ 같이 운동하면 좋겠네요><
33,깨끗하고 좋아요,,,,,,,,,
34,"너무 깔끔하고 에어컨 바람이 시원해요. 3개월 등록하면 2번 pt를 받을수 있는데 주고 기구들 사용법과 자세를 많이 잡아주시고 친절해요. 제가 외국인이라 잘 못 알아듣는 편이지만 그래도 피티님께서 친절하게 자세도 잘 교정해주셨어요. 카운터분들도 너무 친절합
니다.","집에서 가까운 헬스장을 찾고있었는데 딱 시설도 깔끔하고 생긴지 얼마안되서 픽픽!!! 여성전용이라 기구 쟁탈전 하지 않아도 되고 여유롭게 운동할수 있는 공간이에요 선생님들도 친절하시고 기본 OT도 2회 해주시는데 자세히 잘 알려주세요. PT로 바로 권유하지
않고 해보고 결정하라고 하시고 아주 좋은 곳이에요 올여름 운동하고 이쁜 몸매를 만들어 보겠습니다:)",많고 많은 헬스장 중에 여기를 선택한 이유는 여성전용이어서도 있지만 “직원분이 친절하셔서”가 가장 큰 이유일 것 같네요. 다닌지 한달정도 됐는데 한결같이 웃으며 친절하게 대해주셔서 기쁜 마음으로 다니고 있습니다. 이사가지 않는 한 계속 다닐거예요~~😎,"등록을 늦추면 더욱 돼지의 길을 걸을 뿐...
잠시 쉬었다 재등록한건데 진작에 할 걸 후회되네용.. 역시 동네 헬스장은 벨라가 젤 편하고 쾌적함ㅎㅎ 남자 매니저님도 넘 친절하세요👍👍",상담이 자세하고 친절했어요~ 지어진지 얼마 안된 건물이라 내부도 깔끔하고 지하에 있음에도 불구하고 괜찮았어요. 회원권 등록하면 수업도 따로 시간맞춰서 들을 수 있는 점도 좋네요,여성전용이라 편하게 운동할 수 있고 상담도 친절하게 응대해 주셔서 기분좋게 등록했습니다. 운동기구도 다양하고 GX프로그램도 알차서 재미나게 운동할 수 있을 것 같아요.PT는 받기전이지만 다른분들 보니까선생님과 즐겁게 운동하시는 모습을 보니 기대가 되네요. 그리고 시설도 깨끗하고 쾌적한 환경도 맘에들어서 즐겁게 다녀보려구요.,상담해주시는 담당자분이 친절하시고 일단 넓고 쾌적한 분위기가 좋아요 :) 너무 시끄럽지 않고 차분한듯 적당히 밝은 기운이 운동할 맛이 납니당 ✨,kerry샘 최고 👍,"여성전용 짐이라서 기구 이용시 조절이 용이하고 청소와 방역도 철저하게 이루어져쾌적한 분위기에서 운동할 수 있습니다. 
권기범 트레이너쌤한테서 개인피티를 받고있는데 운동마다 자세와 효과를 잘 설명해주고 힘들어도 끝까지 해낼수 있게 자극과 칭찬을 아끼지 않습니다. 그날그날 운동기록도 파일로 작성해서 보내주고 동영상도 촬영해서 보내주니 나중에 혼자서 운동할 때에도 많은 도움이 될 듯 합니다.",시설 넓고 깔끔. 소란스럽거나 붐비지 않음. 기구도 다양해서 좋아요.
35,곽주원 선생님 운동 열심히 가르쳐!! 동기부여 받고 갑니다. 원래 하던데서 여기로 처음 왔는데 새로운 자극 많이 느끼고 가겠습니다.,"매장이 깨끗하고 운동기구들도 많네요
근처에 지나가다가 운동하러왔는데 좋아요","오늘 처음으로 업투헬스장에 방문하게되었는데 들어오자마자 직원분들이 친절하게 응대해주셔서 운동시작부터 너무 기분좋게 시작합니다 원래는 동네 다른헬스장 다니다가 새로 생겼다해서 체험하러 방문했는데 헬스정 옮기고 싶은마음이 굴뚝같아집니다 다음방문땐 등록하러 오겠습
니다😄😄",천층이 넓어서 공기랑 시설이 좋습니다.,집가까운 곳에 이렇게 좋은 헬스장이 있는지 몰랐어요~! 앞으로 자주이용할 예정입니다.,층고가 높아서 너무 좋고 기구 엄청 다양하고 상담하시는 분이 너무 친절해요 ㅎㅎ,재방문하여 운동하다가 pt도 등록해 보려구여,층고가 높고 기구가 많아서 좋아요. 음악도 좋고 기분 좋게 운동할 수 있어요 ㅎㅎ,선생님들도 친절하고 너무 좋네용,시설깔끔하고 운동하기 넘 좋아요~~
36,"처음 시작은 헬스장 이용을 위해 다녔지만, 선생님께서 너무 자세도 잘 알려주시고 워낙 몸에 대해서 잘 아셔서 신뢰가 가고해서 한달 무제한 피티를 받기 시작했습니다! 덕분에 정말 체형이 많이 좋아졌고 고질병이던 허리디스크의 통증에서도 벗어나게 되었네요! ㅎㅎㅎ 중앙대 학생이라 상도에 자취해서 부담없이 다녔지만 졸업하고 타지로 와서 처음에 고민을 많이 하다가 결국 일반 피티를 시작하게 되었습니다 ..!!! 왔다갔다 왕복 세시간이지만 그 이상의 가치를 하는 시간입니다 ! 몸이 많이 좋아지기도 하고 이제는 운동할때 자세도 잘 잡혀 좋네요 :) 적극추천입니다!!",선생님께서 친절하고 무엇보다 전문적으로 알려주셔서 좋았습니다. 이전에도 여러군데 다녀봤지만 여기보다 좋은곳 찾기는 어려울 것 같네요. 체형에 맞게 맞춤으로 체계적으로 지도해주십니다. 프라이빗 피티샵 찾는 분들에게 추천합니다.,"체력부족과 구부정한 자세 때문에 고민이 많았는데ㅠㅠ
자세도 엄청 꼼꼼히 봐주시고 개인에게 맞는 pt해주셔서 진짜 많이 좋아졌습니다. 체형고민 있으신 분들에게 정말 좋은것 같아요!",체형 분석으로 운동의 방향성을 먼저 잡아주는 점이 정말 좋아요! 사람 몸이 다 같을 수 없는데 나에게 맞는 운동 플랜과 목표을 세운다는 점도 최고네요. 또 다른 헬스장과는 달리 프라이빗하게 운동할 수 있어서 조용하게 운동하기 좋은 곳입니다. 그리고 선생님이 무엇보다 전문적이셔서 믿고 등록할 수 있었습니다. 특별한 일이 없는 이상 여기만 다닐 것 같네요.,"상도동, 어쩌면 동작구 유일! 프라이빗한 PT 상담부터 실제 운동까지 가격값을 하는건 충분하고 선생님이 너무 친절하게 가르쳐 주셔서 체험받고 바로 결제했어요! 프라이빗한건 완전 보장!!! 범죄에 연루되서 알리바이를 증명하는것이 아닌이상! 여기에서 운동하는건 그
 누구도 알지 못해요! 몸의 어떤 부위가 약한지 어떻게 운동해야하는지 어떤식으로 움직여야 하는직 교육적으로 과학적으로 설명해주시면 엄청 친절히 세세히 가르쳐 주십니당! 제일 중요한건 선생님이 잘생겼고 유머러스해요 완전 추천!!",허리디스크가 좁아져서 꼬리뼈에 통증있어서 갔는데 일주일만에 나았어요 . 체력 키우고 근력 키우고싶은 분들 확실히 조져줍니다 못걷게 만들어줌~~!,"상도역 근처에 있어서 퇴근길에 방문했습니다. 선생님이 친절하시고, 기구들도 나열식이 아닌, 필요한 기구들만 있다는 느낌을 받았습니다. 조만간 월급 들어오면 PT 받으러 다시 방문할 생각입니다. 운동 처음이라 걱정이 많았는데 믿고 방문할 수 있을것 같습니다.","선생님이 친절하시고 경험이 많으셔서 그런지 다양한 관점에서 운동을 가르쳐주셔서 정말 좋았습니다. 운동을 시작하시는 분들에게는 당연하고 원래 운동을 하시던 분들은 훨씬 실력이 상승할 수 있을 것 같습니다. 피티샵이라 조용하고 프라이빗하게 운동할 수 있어서 좋았고, 요즘 같은 시기에는 더 안전한 환경에서 안심하고 운동할 수 있을 것 같습니다~!",편안한 분위기에서 운동 가능합니댜!!! 특히 쌤이 자세도 신경써서 봐주시고 너무 좋아요 ㅠㅠㅠㅠ 기존에 잘못 알고 있던 자세들도 다시 알게되고 좋아용 특히 근육에 대해 상세하게 말해주시는 모습이 아주 전문성 있고 좋아요 ㅎㅎ,요즘 많아진 헬스장식 피티샵같지 않고 트레이너 선생님이 전문적으로 개인별 맞춤 운동 제공해주는 곳. 자세뿐만 아니라 근육이나 운동 원리도 자세히 알려주어서 더 재밌게 배울 수 있음. 제대로 배워보고싶은 분들에게 추천.
37,헬스장 가격이 저렴한편이에요!,헬짱분들많이와서 운동활력이나서좋음 더자극받고열심히하게됨,굿,Good,좋아요,친절하시고 좋았어요~~,가까워서 좋아요,.,굿,
38,"피티 수강하고 반회정도 지나서 후기 올리네요!! : ) 코로나라 홈트로 간신히 체중 유지만 하다가 피티 등록을 하게 되었어요. 홈트를 하다보니 올바른 자세로 하는지도 모르겠고 운동효과가 생각보다 더디게 나타나더라구요 ㅠㅠ 여름은 다가오는데 제몸은 아직 한겨울에 
멈춰 있는 느낌… 그래서 집근처 피티를 알아보고 피트니스킹덤에 등록했습니다!! ㅎㅎㅎ 결과적으로 너무 만족해요!! 피티등록을 할때 고려했던 부분이 개인별 몸 상태에 따라 체계적으로 프로그램이 구성되는지, 무리하게 진행하지 않는지가 가장 중요했거든요. 트레이
너 선생님들 모두 전문 지식도 뛰어나시고설명도 자세히 해주셔서 운동 잘 배우면서 즐겁게 다니고 있습니다~! 강추해요","피티에 대한 부정적인 생각을 완전 뒤바꿔 준 곳입니다. 신대방삼거리역 주변 근처로 꼼꼼히 알아보며 헬스장,운동하는 곳을 살펴보고 고심후에 피트니스킹덤을 선택했습니다 결과는 정말 대만족 입니다!!!ㅎㅎ 트레이너 선생님들 전문성은 말할 것도 없고 운동도 개개인에 맞
게 계획 짜주시고 진행해주십니다. 허리통증때문에 병원도 다니고 필라테스도 다니고 했었는데 효과를 못보다가 여기서 받고 허리통증 거의 좋아졌습니다.. 정말 신기해요!!!! 저의 몸상태나 체형상태를 진단해주시고 맞는 플랜을 짜주세요ㅎㅎ 정말 좋습니다 올해 가장 잘한일
 중 하나가 피트니스 킹덤 알게된것!! 찐 후기니 방문해보세용 저희는 삼남매가 전부 다 같이 다니며 즐겁게 운동중입니다~! 많은 지식을 알려주셔서 피티 받는시간이 정말 가치있어요 강추합니다!","처음 pt받아보는데 좋아요~ 저는 그룹클래스도 같이하고 있어서 효과가 좋더라구요. 식단관리는 하지 않고 최근에 운동으로만 근력 1kg 증가했답니다. 엄코치님이 자세도 잘 알려주시고 해서 금방 운동이 재밌어 지는거 같아요. 생긴지는 얼마안되서 깔끔하고 그룹클래스는 다들 운동하려는 느낌이여서 으쌰으쌰 어찌하다보니 끝나있어서 지루하지 않아요. 
운동이 취미가 될 수 있도록 도와주는 느낌이여서 추천드려요.","출근하기전에 일찍 들렀다가 운동하고 가는데 시설도 깔끔하고 운동도 자세히 알려줘서 좋아요! 살빼는데엔 이만한 운동이 없는것 같습니다 처음엔 크로스핏 하면 엄청 무서웠는데 시스템도 체계적이고 코치님들도 다 친절하셔서 운동하는데에 부담이 전혀없고 많이 힘들지만 또 
그만큼 재미도 있고 성과도 있어서 좋아요","제가 경험한 PT중에 가장 만족해요! 솔직히 의지 없이 운동 좀 하라는 주위사람들의 간절한 부탁에 등 떠밀려 등록했었는데 친절하게 잘 가르쳐주셔서 중간에 그만두지 않고 계속 운동 나오게 됩니당👍👍 누가봐도 충격적인 근육량을 소유한 제 몸을 포기안해주셔서 넘 
감사해요 ⌯'▾'⌯ 물론 시설도 쾌적합니다! 역이랑 가까워서 야근하고도 후딱갈 수 있는 점도 너무 좋아요💗","이곳에서 그룹수업후 허리부상을 입어 3일간 걷지 못했습니다. 개인 PT만 1년정도 부상없이 잘 해온 사람입니다. 그룹 크로스핏 수업을 받는 도중 무게를 올려도 가능할것같다는 말씀에 허리에 무리가 가서 올리지 못할것같다고 하였고 피드백에 따라 운동을 마친 1
0-15분 후부터 허리가 펴지지 않았으며 그 이후로는 걷지를 못해서 업혀서 이동해야했습니다. 이후 전문 병원을 통해 여태 맞아본적없는 허리주사까지 맞고 난 후 남은 일수에관한 환불을 받고자했으나, 트레이너의 문제가아닌 저의 미흡으로 일어난 문제에대한 과실로 몰
아가셨고 아직 마땅한 대응도 안하신 상태입니다. 인스타에 보여지는 것말고 후기를 꼭 보시게 된다면 계약서를 잘 읽어보시고 저같은 일이 일어나 몸도 마음도 힘들게 망가지는 사람들이 없었음 좋겠습니다.",크로스핏 살면서 처음 해봤는데 프로그램도 다양하고 체력이 점점 느는게 체감이 되네요! 처음엔 다칠까봐 걱정많이했는데 코치님이 근력에 맞춰서 잘 조절해주셔서 안다치고 잘하고있어요! 오전 7시에 운동 때리고 출근하면 기분 상쾌합니다 아쥬 ㅎㅎ,신대방삼거리에 크로스핏 박스가 생겨서 넘나 좋아요!!! 2월에 오픈해서 시설도 완전 깔끔하고 대표님 포함해서 선생님 두분 다 엄청 친절하셔서 좋아요👍👍 다른 크로스핏 박스랑은 또 다르게 다른 프로그램도 다양하게있어서 운동 초보자들도 들을 수 있는 프로그램도 다양하게 있어서 좋은 거 같아요!! 오픈가로 넘나 저렴한가격에 잘 다니고 있어 감사한 마음에 내돈내산으로 남기는 후기입니당,"처음 피티 받는거라서 걱정했는데 상담도 친절하게 해주시고 어렵지 않게 잘 알려주셔서 재밌게 운동하구 있습니당ㅎㅎ 초보자인데도 쉽게 따라할수있게 체형, 자세에 맞는 스트레칭과 운동으로 알려주니까 너무 죠아요~!! PT 받으시는 분들께 무조건 추천드립니당~!!
트레이너 선생님들도 다들 너무 친절하세요><👍🏻👍🏻👍🏻","프로그램하고 기구들이 다양하여 지루하지않고 매번 색다르게 운동을 즐길수있습니다! 무엇보다 코치님들이 단순수업만을 위해서만 아니라 성심성의껏 잘지도해주셔서 누구나 쉽게따라올수있습니다! 쉽게 따라올순있지만 확실히 운동이많이되어 빡십니다🔥🔥 지루하지않게 운동빡시게
하고싶은분들위해 강력추천드립니다💪🔥"
39,"5월31일에 상담받고, 오늘부터 개인 PT 수업받기 시작했어요~ 첫 상담때부터 체형분석 해주시고, 체형 뒤틀린곳들 어디어디인지 자세히 설명해주셨어요(라운드숄더, 골반틀어지고, 오른쪽 어깨가 왼쪽에 비해 상대적으로 올라가 있는것들(?)) /직장생활하다보니 몸이 자꾸 아파오고, 여름도 되었으니 운동해야한다고 생각이들어서 더이상미루지않고, 바로 PT를 받기로 했습니다~! 선생님이 너무 친절하고 이해하기 쉽게 운동방법을 설명해주시고 바로바로 자극이 오는 것 같아 앞으로 열심히 운동해야겠다는 의지가 샘솟네요. 시설 깔끔하고 만족합니다~!","30-30 연장 등록했습니다! 늘 친절하게 설명해주시고 나에게 맞게 단계별로 운동할 수 있도록 잘 도와주십니다, 처음에도 엉망진창인 자세나 몸의 비대칭이나 종종 통증이 있었던 부분들을 꼼꼼하게 봐주시고 적절한 운동도 연결해주셨어요 😊 항상 반갑게 맞아주시고 개인운동에 맞는 운동도 매일 짜주셔서 혼자서도 운동을 가게 돼요! 샵도 항상 깨끗하고 좋은 향기가 나서 운동가기 조아요!!! 🍀❤️‍🔥❤️‍🔥❤️‍🔥",지호쌤 진짜 웃기고 정수기 물이 너무 시원해요 머리끈은 자국이 안나서 너무 좋아요 눈바디가 정확해서 살찔때마다 바로 알아봐요 가끔은 건물 입구에서 반갑게 맞이해줘요 50회 더 잘부탁드립니다 돼지대장님 최고 ^(oo)^b,"이지호 트레이너님께 PT 30회 받고 오늘 30회 더 연장했어요✨ 처음 여기 왔을 때 어깨 굽어있고, 골반은 틀어져있어서 평소에 허리가 너무 아팠었는데, 트레이너님이 체형교정 위주로 수업해주신 덕분에 지금은 날개뼈가 제 역할을 찾아서ㅋㅋㅋ🙈굽은 어깨는 펴지고, 골반 틀어짐도 많이 나아져서 허리 아픈 것도 나았어요!🙌🏻 수업 엄청 재밌게 진행해 주시고, 운동하다가 궁금한 걸 여쭤보면 하나하나 친절하게 설명해 주셔서 굿굿☀️ 그냥 모든 점이 다 맘에 들어욤🫶🏻","3.14부터 운동 시작해서 추가로 30회 등록했는데 시설도 깔끔하고 pt샵이라 사람도 붐비지 않아서 운동하기 좋습니다!!!
트레이너분들도 모두 친절하시고 상황에 맞는 운동법을 잘 가르쳐주십니다, 앉아서 있는 시간이 많아서 허리가 안좋았는데 덕분에 허리도 많이 좋아지고 자세도 좋아졌습니다.
근육량도 덕분에 늘었고 운동 전반적인 부분이 아니라 생활 측면에서도 친절하게 알려주셔서 운동하기 재밌어지고 더욱 많이가게 되는 거 같습니다 ㅎㅎ",PT 30회끝나고 이번에 연장했어요! 선생님들도 다들친절하시고 헬스장 여러군데 상담도받아보고 수업도받아봤지만 자세교정도 그렇고 모든면에서 제일 만족스러웠어요! 시설도 새로생긴곳이라 쾌적하고 깔끔해용! 성민쌤 강추💪🏻🔥🔥,"직장 생활하면서 체력의 한계를 느껴 pt를 알아보다 운동을 시작했는데 주성민 선생님께서 친절히 알려주시고 수업도 재밌게 진행해주셔서 운동의 재미를 붙여 지금은 개인운동도 스스로 나올정도로 습관화 되어가는 중입니다. 등록했던 30회가 끝나고 이번에 재등록 
했는데 이번 세션 끝나고 바뀔 몸이 기대됩니다!","선생님들 모두 친절하시고, 개인운동과 식단까지 모두 잘 챙겨주십니다! 수업 외에도 관리를 잘 해주셔서 꾸준히 운동하게 되었어요! 샵도 항상 깨끗하고 좋습니다 👏","주성민 선생님 전문적인 지식으로 자세히, 꼼꼼히 봐주시고, 천천히 잘 알려주셔서 좋았어요😊 그리고 헬스장은 사람이 너무 많아서 불편했는데 피티샵이라 붐비지 않아서 편했어요👍🏻",
40,"서초 이수 사당 방배 지역에서 원탑 피트니스 아닌가 싶네요. 최근들어 저렴한 헬스장이 많아 그만큼 사람도 많이 몰려서 어딜가야하나 고민이 많았는데 가격은 저렴한 헬스장과 비교했을때는 좀더 나가긴 하지만 프라이빗하고 깔끔하고 나혼자 운동하는거를 좋아하시는분은 꼭 
여기 한번 방문 해보시는것을 추천드립니다. 운동할때 보이는 남산타워의 성공뷰는 덤입니다.",시설 너무 깔끔하고 관리가 잘 되어있어서 쾌적하게 운동할 수 있어 좋아요 👍 위치도 이수역 바로 옆이라 편해요. 피티 신청 안했는데 자세도 자세하게 봐주셔서 좋았어요. 추천드려요!!,깔끔하고 쾌적한 시설에서 운동할 수 있어 좋아요☺️,굿,굿,,,,,
41,"그동안 PT는 받아보고 싶었지만 헬스가 재미없어서 매번 망설였는데, 이번에 큰맘먹고 등록했습니다. 선생님이 운동에 재미를 붙일 수 있도록 차근차근 알려주셔서 완전 만족합니다. 이제는 헬스가 재미있어졌어요!ㅎㅎ 그리구 개인에 맞게 프로그램을 다양하고 체계적으로 짜주셔서 좋습니다. 상도동에서는 이만한 곳이 없는 것 같아요. 강추합니다!!","꾸준히 다닐 피티샵을 찾은거 같아요😆 이전에 근처에서 피티 받았는데 동 시간대에 너무 많은 사람의 수업이 한꺼번에 이루어지다 보니 제 몸 상태에 따라 수업을 받는 게 아닌 비어 있는 기구에 따라 수업이 진행되는 느낌이라 1:1 PT를 해야 될 필요성을 못 느꼈
어요! 그런데 여기는 제 몸 상태와 선생님이 생각하신 수업 커리큘럼대로 1시간을 정말 알차게 운동했다!! 라는 생각이 들어요~! 그 누구에게도 방해받지 않구 정말 딱 제 운동 할 수 있게 해주시는 거 같아요! 그리구 무엇보다 선생님 너무 친절하게 자세 설명 잘 해
주시구 그날 배운건 개인 노트에 메모해주셔서 개인운동 시간에 보고 할 수 있게 해주세요 👍🏻👍🏻 당근과 채찍을 아주 적절히 해주셔서 해이해질 수가 없어요~!",여러 체육관을 방문했지만 트루머슬짐은 레전드 입니다. 회원들 개인의 운동능력과 몸의 상태에 맞추어 최적의 트레이닝법을 알려주십니다. 근력 증가와 재활 모두 이곳 트루머슬짐에서 운동하고 있습니다만 감히 최고라고 말할 수 있겠습니다. 트루머슬짐과 권기검 트레이너 선생님께 감사합니다.,어딜가나 알려주는 운동말고 어디서도 배울수 없는 운동! 단기적인 목표아닌 장기적으로 건강관리하면서 신체기능 향상과 갈때마다 다양한 도구와 운동들로 지루하지 않고 재밌어요~~무엇보다 어렵지 않고 신체반응을 이용해 쉽게 알려주셔서 좋아용. 시키는대로 조져지는게 아니라 안정성을 잡고 내몸을 느끼면서 몸쓰는법을 제대로 알게되는겨 같아요. 매수업마다 수업일지도 수첩에 수기로 써주셔서 복습하기도 좋고 꼼꼼히 관리해주세요ㅎㅎ센터에 몇십개 자격증이 걸려있는데 믿고 내몸 맡길수있는 곳이에요ㅋㅋ내 몸은 소중하니까,"피티샵인데도 기구나 소도구들이 다양하게 있어서 질리지 않고 운동할 수 있어서 좋아요! 재활쪽으로도 경력이 많으셔서 여러 피티샵들 중에 여기로 선택했는데 불편하거나 안좋은 부분들 말씀드리면 바로바로 어떤 근육이 약해서 그런지, 강화하려면 어떤 운동들을 하는게 좋은지 잘 알려주셔서 지식과 경험이 풍부하신게 느껴집니다:)
그리고 그날 수업때 한 운동들을 쌤이 수첩에 직접 기록해주셔서 혼자서 운동할때도 도움이 많이 되는것 같아요~ 개인운동때 복습 열심히 해보려구요ㅎㅎ 아직 회차 많이 남았는데 앞으로도 빡센운동 기대할게요~~!😊","이전에도 다른 피티샵 두 군데에서 수업 받았었는데 가장 만족합니다~ 일단 선생님께서 열정적으로 알려주시고 수업할 수 있는 기구들도 처음 본 것도 많고 다양합니다
매번 하던 기구만 연습하면 질리고 하기싫어지는 경우도 많은데 다양한 도구를 사용한 운동들이 많아 매번 새로운 운동을 할 수 있다는 것도 좋아요
기초체력만 좀 길러보자하는 마음으로 시작한 운동인데 쌤만 잘 따라가다보니 무게도 많이 들고 일상생활에 많이 힘이 생겨 좋습니당","그동안 혼자서 운동하면서 점점 지쳐가고 흥미도 떨어지던 와중에 제대로 배워보고 싶어서 등록하게 되었습니다. 첨보는 재밌는 기구들이 많기도 하고, 스트렝스 훈련 뿐만 아니라 기능성 운동들도 다양하게 알려주셔서 정말 재미있게 운동하고 있습니다. 선생님께서 이미 지식 폭도 상당하신데, 꾸준히 교육도 다니시는거 보면 열정이 느껴집니다. 꼭 운동을 시작하시는 분들 말고도 매일 똑같은 운동에 변화를 주고 싶으신 분들께도 추천합니다. 개인 몸상태나 취향에 맞게 진짜 다양한 운동 알려주십니다!","이번에 재등록합니다!! 매번 수업마다 빡세게 하면서 살 쫙쫙 빠지고 근육 붙는게 느껴져서 운동할 맛이 나요!! 힘든데 하고나면 뿌듯하고 또 하고 싶어지는게 신기해요ㅋㅋㅋ 트레이너님께 배우면 배울 수록 정말 전문적이시라는게 느껴지고, 다른 곳에서 받은 피티랑은 
비교도 안 될 정도로 좋습니다!! 기구도 다양해서 안질려요ㅎㅎ 회원마다 원하는 부분이 있으면 그에 맞춰서 수업해주시는 것 보면서 정말 아는게 많으시구나 느꼈어요!! 제가 바빠서 개인운동 많이 못가고 했는데도 2개월동안 7키로 뺐습니다! 시험기간이었어서 잠시 
쉬었다가 다시 시작하는데, 이번 방학에는 더 열심히 해서 추가로 10키로 빼는게 목표입니다ㅎㅎㅎ 권기검 트레이너님과 같이 하면 가능할 것이란 생각이 드네요. 피티 강추합니다~~","바디프로필을 찍기위해 동네 pt샵을 알아보다가 선택한 곳이 트루머슬짐입니다.(사실 다른곳 예약해뒀다가 취소했어요) 코치님의 전문적인 지식과 회원을 영업의 수단으로 생각하지않는점, 최종적으로는 혼자서 운동하게끔 가르치겠다는 코치님의 마인드가 마음에들었어요.
첫 수업들어보니 헬스기구 사용법 배우기전에 기본적인 호흡법,여러 도구를 통한 신경 깨우는 운동 등 다른 pt에서 해보지않은걸배우니 신기하고 안쓰는 근육들도 사용하게되더라구요. 아직 갈길이 먼 헬린이지만 코치님믿고 쭉 열운해서 꼭 바디프로필찍어보겠습니다!
 화이팅:)","처음 피티 시작할 때 주변에서 피티쌤 잘 만나야 한다는 말 듣고 많이 걱정했는데, 선생님이 너무 좋아서 요새 운동하러 오는 낙으로 살고 있습니다😇 다들 걱정하시는 경력 사항은 한쪽 면을 꽉 채우고 있는 자격증들이 말해주기 때문에 걱정 안하셔도 될 것 같구요, 타 
헬스장과 다른 점은 정말 다양한 운동을 가르쳐주신다는 거에요! 저는 운동 금방 질려하는데 여기는 정말 다양한 도구들이 있어서 지루하지 않게 운동할 수 있었어요👍🏻👍🏻 사진 보시면 이번에는 또 어마무시한 쇠사슬도 사셨더라구요..ㅎㅎㅎ 내 근육들아 긴장해라..🥶 결론
은 돈 하나도 안아깝고 정말 가치있는 수업 받고 있습니다! 선생님이랑도 많이 친해졌어요😙 저 누구게요~~>_<"
42,"운동하는 곳인데도 너무 깔끔하고 갬성도 있어서 운동하기 너무 좋았습니다.
무엇보다도 기구들이 너무 좋고 피티 쌤들이 너무 잘 봐주셔서 좋은시간이 되었습니다.
다들 좋은곳에서 득근하십시오!!","인생 첫 피티!!! 일단 인테리어랑 피티 선생님들이 친절하셔서 너무 좋아요 1회 4만원이라 대충대충 하진 않을까 의심 하긴 했는데 괜한 걱정이더라구요 이 시국에 사람도 적게 딱딱 정해주신 운동하니 기분 좋네요 땀도 흘렸으니 에어컨 빵빵한 미분당가서 쌀국수 먹고 
집에 가야겠어요","피티쌤이 매우 친절하시고 전문적이십니다 화장실도 별도고 인테리어도 깔끔하고 좋네요 인원이 한정적인 것도 회원 입장에서 굉장히 좋은 것 같습니다! 금액도 합리적이고, 샤워실이나 운동기구가 새 거라 확실히 좋네요!","우선 피티쌤들 너무다들친절하세요 ㅠㅠ 저같은 헬린이들도 쉽게 알아들을수있게 설명해주셨어요 시설도 너무깔끔하고 특히나.. 화장실도 완벽해요 헬스장특유의 안좋은냄새 하나도없고 관리를 잘하신것같아요!! 제일좋은부분은 역시나 가격+인원이한정적이라 수업받는동안 모든기
구 다써봤어요.. 지금도 또운동하고싶네요 끓어요.... 다들 득근하세요 너무강추x1000이요!!!",내돈내산 pt레슨후기! 상담부터 친절하셔서 일단 등록해봤는데 역시나 꼼꼼하시고 제 체형맞춰 꼼꼼히 알려주신다는 생각이 들어서 그 부분이 가장 좋았어요~ 그리고 여성분들은 시설 신경쓰이잖아욥 일단 외부시설도 좋았는데 내부 탈의실 샤워실도 깔끔해서 더 마음에 들어요 운동욕구 뿜뿜:D!,우선 헬스장 들어가는 입구부터 전체적인 인테리어가 너무 마음에 들어요! pt선생님도 친절하시고 기구가 새거라서 운동 할 기분이 나요~~ 화장실도 깨끗하고 샤워실도 넓네요 그리고 무엇보다 가격이 저렴하고 추천합니다 :),"리뷰같은걸 남기는 편이 아닌데 여기는 진짜 좋아서 남겨요!! 많은 사람들이 이용했으면 싶습니다 ㅎㅎ 1. 일단 운동기구가 새거라 그런지 보기만해도 운동하거싶단 생각이 저절로 드네요!! 2. 피티쌤이 정말 친절하게 자세를 하나하나 봐주시면서 잘못된 점도 바로바로 
지도해줘서 좋아요 ㅎㅎ 3. 이런저런 헬스장 많이 다녀봤지만 신설이라 그런지 화장실 및 샤워실이 너무 깨끗하고 좋네여~ 4.무엇보다도 PT하면 비싸다는 인식이 있는데 1회에 4만원이라는 부담없는 가격에 퀄리티까지 좋아서 대박 ㅜ 드디어 나도 멸치 탈출하겠
다 ㅎㅎㅎㅎㅎㅎㅎㅎㅎ","운동에 진심입니다.
흠 확실히 헬스장에서 하는거랑 피티샵에서 하는거랑 천차만별이네요. 샤워장,화장실 너무 잘 되어 있어서 놀랐습니다. 조금 신선했던건 한타임에 최대 4명까지 받으신다는게 좋은거 같아요.북적하지도 않고, 더 집중되고 좋네요. 또 기구도 좋고 트레이너님 엄청 전문적이시네요. 근데 4만원이면 싼가격인데 선착순 100명인가요?",1.깔끔 2.다양한 기구 3.전문적인 피티쌤지도 4.합리적인 가격 5. 남녀 화장실/샤워실 별도 무엇보다 동시간대 최대 4명이서 1:1로 한다는게 너무 좋네요!ㅛ,"이제 곧 여름이기도 해서 묵혀둔 살을 빼고자 운동하려고 피티샵 알아보던중에 새로오픈한 곳 발견! 오픈한지 얼마 안되서 그런지 기구가 새거인거는 물론이고 인테리어도 깔끔하니 자주오고 싶게 되어있더라구요 아직 위드코로나라 헬스장가는게 꺼렸는데 여기는 인원도 제한해서 하고 화장실 샤워실 모두 클린해서 맘놓고 운동해도 될거 같아요. 피티쌤들이 전문적이고 운동잘몰라도 체계적이고 친절하게 계획해서 끌고나가시려는게 맘에 들었습니다. 조만간 친구데리고 가서 같이 여름준비좀 해야겠네요. 
여름준비 또는 건강을위해 운동시작하려는 분들 후회하진 않으실거 같아요. 추천!"
