﻿company_id,review0,review1,review2,review3,review4,review5,review6,review7,review8,review9
0,응대 잘 대해주셔서 만족스러웠어요~~,좋아요,,,,,,,,
1,^^,ㅁ,ㅁ,좋아요,,,,,,
2,"용산으로 이사오고 나서 어느 헬스장을 다녀야할지 고민 많았는데 지인 추천으로 밸런스 핏을 다니게 되었어요!!! 다른 곳에 비해 너무 깔끔하구 무엇보다 지상이라 너무 좋아요!! 
부담없이 편하게 다니기 아주 좋네요!!! 
완전 추천합니다아🧡","처음에 1:1PT샵 다니다가 개인 운동을 못해서 퍼블릭 센터로 옮기려고 집 근처, 회사 근처 유명한 헬스장 5개를 상담했는데, 전부 마음에 안 들어서 포기하던 찰나에!! 친구 추천으로 상담만 받으려고 갔다가 상담한 곳 중에 제일 꼼꼼하게 봐주셔서 등록했어요!
저한테 맞는 트레이너를 배정해 주셔서 처음에 30회 등록하고 50회, 30회 총 110회 받으면서 처음엔 빈 봉도 못 들 정도로 백지로 시작해서 지금은 혼자서 운동할 정도로 많이 늘었습니다!
예전엔 운동을 싫어해서 PT 하는 날 아니면 안가고, 1년 회원권 끊고 한 달만 다니고 했었는데, 처음 상담할 때 운동 목적이나 원하는 방향을 잘 얘기해서 스트레스 안 받고 부상 없이, 회원권 정지 없이 2년 가까이 운동에 재미 붙이고 다니고 있습니다! 굿굿!!","관장님 PT 30회받고, 3개월만에 10kg 감량했어요 !! 운동귀찮아해서 개인운동 한번도 한적없고 오직피티로만 뺐어요ㅎㅎ 살이 너무 쪄서 충격받고 작년말 찾아갔는데, 정말 잘 한 선택이되었습니다. 그래서 이젠 이사가서 지하철타고와야하는데도 고민없이 재
등록했어요~ 피티 여기저기에서 진짜 많은 시행착오겪었는데, 이렇게 스트레스 덜 받으면서 다이어트성공한 적 처음이라 기쁩니다 리모델링 후 시설도 넘 좋아져서 만족이에요. 피티고민하시는분들 꼭 등록하세용 이런거 원래안적는데 진짜 좋아서 추천합니다!",좋아요,깨끗하네요 좀 더 넓었으면 합니다,Good,쾌적한 헬스장이에요~,운동다니는 곳 좋아요!,,
3,다시 방문할 의사 100% ㅎㅎ,좋아요,,,,,,,,
4,만족함,굿 좋더라구여~!,만족함,,,,,,,
5,,,,,,,,,,
6,,,,,,,,,,
7,,,,,,,,,,
8,,,,,,,,,,
9,,,,,,,,,,
10,지존!,,,,,,,,,
11,,,,,,,,,,
12,좋아요,,,,,,,,,
13,워니쌤 조아요짱짱맨 벌써 재등록이에영~!~!~!~!~! 사랑해~!~!~,스포짐 한남점 조아요 쾌적하구요!! 기구들도 다양해요! 그리고 혜원쌤 진짜 너무 착하고 재밌고 덕분에 운동 재밌게 하고 있어요! 감사해용💛♥️💛♥️,스포짐한남점에서 지영 트레이너에게 퍼스널 트레이닝받고 있어요. 친절해요. 재밌어요. 보디빌딩 조금 알거 같아요.,"1년 회원권 사용하면서 종종 PT 수업도 듣고, 필라테스와 리포머 레슨도 들었었는데 수업 퀄리티와 프로그램이 잘 짜여져 있어서 항상 만족스러웠습니다 ☺️ 새해 들어서 허리랑 목 디스크 치료 및 체력을 키울겸 정준영 선생님 PT 세션을 다시 재등록했는데 
설명도 정말 자세히 해주시고 제 피지컬의 상태와 특성에 맞게 잘 세션구성을 짜주셔서 행복하게 운동중입니다! 시설도 좋고 장비들도 잘 관리되어 있는것 같아서 추천해요 👍🏻",일 끝나고 동선 때문에 한남 스포짐으로 첫 방문하고 운동 다니고 있는데 선생님들 모두 친절하시고 들어가는 순간부터 한 분 한 분 인사 크게 해주셔서 너무 좋아요 ㅎㅎ 운동하다 중간에 모르면 질문 했을때 동작 끝까지 봐주시고 체형에 맞는 운동법도 추천해주셔서 좋았습니다!!!!!👍👍,"오늘 무료피티체험 다녀왔는데, 시설도 좋고 깔끔하고 오늘 수업 해주신 선생님이 알아듣기 쉽고 자세히 설명해주셔서 너무 좋았어요 !! ! 완전 추천입니당 🥰","직원분들이 친절하게 인사해주시고, 회원들한테 운동을 잘 알려주시는 모습에 믿고 등록했습니다👍👍👍","1년째 pt 수업을 듣고 있습니다.
허리 디스크때문에 등록했는데
수업도 알차고 자세도 정확히 잘 봐주시는 정준영 선생님 좋아요!",센터만 봤는데 친절히 응대해주셔서 좋았습니다!,"원래 다니던 곳이 있었는데 이곳으로 옮기고 현재 두달째 다니고 있습니다.
두달동안 크게 불편한 점 없었고, 전체적으로 만족! 시설과 기구들이 깔끔하고 직원분들도 모두 친절합니다.
쾌적하게 운동하기 좋아요💪🏻"
14,"시설이 깔끔하고 운동기구가 다양합니다.
직원분들이 친절하게 안내해주셔서 감사했습니다.",운동에 대한 1도 몰라서 진짜 용기내서 상담예약 했는데 자세히 알려주시고 도와주셔서 너무 감사합니다^^ 진짜 열심히 운동하고 건강한 모습을 찾아 보겠습니다 ^^ 🥺,"넓은 공간 + 신상 기구 + 프라이빗한 느낌! 이번에 리뉴얼되었다고 하는 광고보고 상담받았었는데 상담도 너무 친절하게 잘 해주셨어요!! 리뉴얼특가로 진짜 저렴하게 회원권 등록하고.. 아직까지는 신년빨로 열운동중입니다. 기구도 다 반짝반짝해서 뭔가 심리적으로 운동
이 더 잘되는 기분..ㅎㅎㅎㅎ 트레이너님도 너무 친절하시고 그 특유의 프라이빗한 느낌이 있어서 너무 좋은 것 같습니다",그냥 웨이트 트레이닝하기 딱 좋아요 . 공간구성이나 기구들도 운동하기 적합하달까... 파워랙이 3개나 있어서 만족스러운... 트레이너도 쓸데없이 참견안하고 매너가 좋네요. 회원들도 그렇고 추천~,"시설이 깔끔하고 운동기구들이 아주 많았어요!! 
선생님도 굉장히 친절히 티칭해주셔서 아주 만족합니다!",무인결제 시스템이 되어 있어서 결제 후 입장하기가 편했어요! 시설도 굉장히 깔끔하고 운동하기도 굉장히 좋았어요👍,꼼꼼히 알려주시고 기구도 다양하면서 쾌적하게 운동하기 좋아요~ 사장님에겐 죄송하지만 저만 알고싶은곳!,굿,시설 너무 좋아요 ><,좋아요~
15,"1. 리뷰는 처음이지만, 개인운동 등록은 세 번째! 일단 입장하면 인사두 잘해주시고, 운동 횟수도 체크해주시고, 기기 청소&방역도 잘 해주심 2. PT와 필라테스를 같이 할 수 있고, 헬스도 마음껏 할 수 있어서 좋음 3. 필라테스는 뒷타임이 없으면 2-3
0분 추가 수업ㅠㅠㅠㅠ 그 날 몸 컨디션에 따라서 루틴 바로바로 수정해주시고, 동작 할 때마다 폭풍 칭찬해주셔서… 자신감 뿜뿜하면서 운동 가능!! ㅎㅎ 처음 시작할 때랑 끝날 때 직접 쫙쫙 스트레칭&마사지 해주셔서 몸은 힘들지만 결국 더 건강해지고 유연해질 
수 있음!! 한시간 운동하면 “아오늘 나 운동했구나”내내 느낄 수 있어서 뿌듯뿌듯 ㅎㅎ 4. 회원들끼리 기기 사용 순환도 잘 되는 듯!! 귿귿",필라테스 꾸준히 다니고 있는데 선생님들 수업 퀄리티 너무 좋아요! 체계적인 수업 예약 시스템도 좋습니다~,"집 근처 헬스장을 알아보다가 이용하게 되었습니다. 우선 깨끗하고 깔끔한 시설은 기본이고, 기구 관리, 정리도 잘 되어있습니다! 저는 헬스시설만 이용하였는데, 헬스 공간이 넓직한 것은 아니지만, 개인이 무궁무진하게 활용하는 데에 따라 부족함없이 다 잘 갖추어져 있는
것 같습니다!! 있을거 다있는 ! 그리고 라온 효창점에서 무엇보다 만족스럽고 추천하는건 헬스 PT입니다! 저는 김민국 TR❤️께 배웠는데, 일대일 관리는 물론 질의응답, 정성스런 설명이 가득한 수업까지 정말 많이 신경써주시고 함께 열정 보태주셨습니다. 입으로
만 다이어트외치고, 운동을 좋아하지만 꾸준히 못하고 늘 궁금한게 많은 저에게 너무 좋은 선생님이셨습니다! 제가 당장 pt 연장을 못해 너무 아쉬운데, 배운거 잊지않고 꼭 다시 같이 운동할게요!","기존 등록 끝나서 연장 하면서 영수증 후기 써봅니다~:) 필라 샘들도 너무 친절하시고 매니저님도 한분 한분 성함 불러주시면서 인사해주세요👍 필라 끝나고 좀 부족한거 같은 날은 런닝이나 웨이트도 좀 더 하다가고 매우 만족스럽습니다!😊 전 써보지는 않았는데 운동 
끝나고 족욕하는 분들도 더러 계시더라구요~",2년째 다니고 있어요!! 처음엔 집근처라서 왔는데 생각보다 너무 괜찮네요. 크진 않지만 있을건 다 있고 다니기 편해요! 위치도 너무 좋고 선생님들도 너무 친절하시네요. 앞으로도 꾸준히 다녀서 몸 만들어 보렵니다!:)👍,재등록만 이미 여러번 했어요ㅎㅎ 대표님이 항상 친절하게 대해주셔서 참 좋아요! 필라테스 강사님도 수업하시고 제 몸에 대한 문제점과 어떤 식으로 고쳐나가야할지도 자세하게 말해주시는 편이라 도움이 많이 되고 있습니다~ 필테 등록하면 헬스장도 무료로 이용할 수 있어서 그 점도 너무 맘에 들어요!,"그룹 필라테스 4개월차입니다! 쌤들도 자세나 운동강도 잘 봐주셔서 꾸준히 다녔고 몸이 굳거나 아팠던 허리나 어깨 등도 통증이 많이 좋아져서 만족스러워요!! 상담할때도 친절하게 해주셔서 저 같은 소심이들도 부담스럽지 않구ㅎㅎㅎ 저는 필라테스 위주도 다녔지만 필라테
스 등록하면 헬스장도 무료로 이용할 수 있어서 가끔 유산소 운동하러 가기도 했습니다. 모르는 운동기구는 여쭤보면 친절히 가르쳐주셔서 좋았구요. 효창공원역에 가까이 사시는 분들이면 추천합니다☺️","재등록하면서 영수증 리뷰 남겨요 :)
필라테스 그룹으로 듣고 있는데 선생님들 모두 친절하시고 필라테스 수업 끝나고
유산소나 웨이트도 더 하고 갈 수 있다는 점이 좋아요! 👍🏻👍🏻🤭","다른 헬스장이랑 다르게 상담을 친절하게 해주셔서 필라 20회랑 PT 10회 등록해서 한달동안 다녔어요! 피티쌤께서 매일마다 식단 피드백 주셨고 답장도 엄청 빠르게 해주셨어용! 자세교정이랑 다이어트 겸해서 필라도 같이 한거였는데 필라쌤이랑 진짜 재밌게 수
업했습니다!! 양아치 동네 헬장이랑 차원이 다릅니당ㅜㅜ건강하게 7키로 빼고 갑니다ㅎㅎ",상담 친절하고 상세하게 해주셨어요. 필라테스 수업듣고 있는데 기구별로 다양하게 할 수 있어서 좋은 것 같아요. 열심히 배워보고 잘 맞으면 또 연장하려구요!
16,"I’ve been training in Seoul for around 10 months so this is the 2nd trainer I’ve been using. I like the variety in exer
cises to target muscles in different ways and the focus on making sure I’m safe and the alignment is correct. Huey
is very nice and thoughtful to help me do my best without getting hurt or doing something I’m not ready for. ...",,,,,,,,,
17,"살을 좀 빼야하는데 여름도 엄청 더워지고 ㅠㅠ 적게먹는거로는 이제 살이 빠지는느낌은 아닌거같아서 운동이 필요한거 같은거에요 혼자서는 도저히 운동 끝까지 안할 것 같아서 피티 신청했네요. 트레이너분 친절하시고 피드백도 빠르시고 다 좋았어요. 기구도 깨끗하게 관리 
잘 되어 있는 편이였고 마모된것고 없고 내구도도 좋았어요. 공간도 쾌적하고 운동 초보자한테 괜찮은거 같아서 리뷰남겨요^^",여긴 운동을 강압적으로 따라해! 무조건 해! 1셋트 더 해! 이런식이 아니라 운동을 재미를 느끼게 해주고 코어부터 튼튼하게 해줘서 몸의 밸런스를 잡아주는식의 접근을 하십니다. 건강하고 재미있게 운동하니 너무 행복해요,더 늦기전에 여름준비 시작하려고 합니다!! 대표원장님이 일단 경희대학원 박사 출신이라고 하시던데 정말 열정열정!! 열정도 대단하시고 기초지식이 풍부하신거 같아서 조금더 믿음직 스럽게 운동 시작 할 수 있을거 같아요~! 잘 부탁 드릴게요!!,"나이가 드니 진짜 운동안하면 나중에 힘들어질것 같아서 왔어요. 지금도 걷는건 괜찮은데 뛰는건 숨이 너무 차고 10분 뛰는것도 힘들어서 5년 뒤가 무서운거에요. 갑자기 운동할려니 어떻게 해야할지 모르겠고 시작이 어려워서 피티 그냥 했어요. 완전 기초부터 알려주셔
서 좋았고 탄탄해지는 기분이였어요. 선생님 친절하시고 말투도 배려 엄청 해주셔서 좋았네요","상담할때 친절한 설명과 함께 자세도 꼼꼼하게 잘 봐주시고, 트레이닝 받을 때도 티칭 넘 잘 해주셨어요! 지쳤던 하루의 마무리는 여기 와서 힐링하고 가는 낙으로 살아요 ㅋㅋ","요즘 자세가 엉망이라 처음으로 pt 상담하러갔다가 등록까지 했습니다 ㅋㅋㅋㅋㅋ 다른데는 비교도 없이 전문지식이 풍부하신 트레이너 선생님들보고 바로 등록했습니다 :) 제 생활습관에 딱 맞춘 안성맞춤 트레이닝으로 진행 시켜주시는 선생님 감사합니다 열심히 잘 따라 
가볼게요!",필라테스는 해봤는데 헬스는 아애 처음이라 조금.. 무서웠?는데 뚝딱이같은 저를 잘 알려주셔서 너무 감사해요 ㅋㅋㅋㅋ주변에 피티 받은 사람들 후기들어보니까 제가 가장 꼼꼼하게 배우고 있더라구요! 뿌듯합니다!,수업 커리큘럼에 비하면 가성비에요.. 운동하는 과정이 너무 재미있고 몸이 변하는것뿐만 아니라 건강해지는 느낌입니다! 좋아요 ㅎㅎ,"살빼려고 등록했는데 저의 정신상태까지 건강하게 만들어 주시는 우리쌤♡
덕분에 몸도 건강 멘탈도 건강해짐을 느낍니다.
살이 빠지는건 물론이고 운동하는 자체가 즐거워졌고, 운동하는 시간이 저에겐 힐링이에요🥰",피티는 너무 영업쟁이라는 인식이 있었는데 꼼꼼히 알려주시고 프로의식 짱.. 앞으로도 잘 부탁드려요!
18,"운동이 싫고 어려웠던 저에게 재미를 불어넣어준 곳!! 건강과 다이어트를 위해 무작정 피티를 시작했는데, 체지방도 많이 감량되고 근육도 늘고 있어요. 굶어서 요요도 많이 왔었는데, 지금은 잘 먹으면서 건강히 감량중입니다!! 트레이너 선생님들도 너무 좋으시고, 지치지 않게 늘 화이팅해주시고👍 헬스장이 2층,3층인 점도 좋고 시설도 깔끔그자체예요.✨ 피티 재등록하면서 리뷰남깁니다😻😻 오래오래 해주세요오오오💙",여기 정말 좋네요. 허리가 아파서 운동을 시작했는데 쌤이 너무 친절하시고. 신기하게도 허리가 안아픕니다. 감사해요!!,,,,,,,,
19,"퇴근 시간이 불규칙한 편인데도 예약이 편한 F45 덕분에 규칙적으로 운동하고 있어요. 운동을 잘 모르거나 컨디션이 안 좋을 때도 같이 할 수 있게 알맞은 강도의 동작을 알려주시고, 잠시 다른 운동과 병행할 때나 바쁠 때도 얼마든지 스케줄링 할수 있어서 꾸준히 할 수 있는 운동입니다. 기분 좋은 45분이에요! 💙",f45 한남점은 주차 시간이 길어서 수업전후 시간을 여유롭게 쓸수있어요!! 샤워시설도 개별로 분리되어있고 다이슨 드라이기에 어매니티도 다 있어서 좋아요☺️ 트레이너님들도 친절하시고 함께 운동하는 멤버들도 모두 열심히라 절대 운동을 쉬엄쉬엄 할수 없어요😆😆,"헬스장은 스스로 운동 루틴을 짜야 하고 제대로 된 기구 사용법을 다 알아야 해서 운동에 재미를 붙이지 못했어요. F45 무료체험을 해보고 '이렇게 재밌게 운동할 수 있는 곳이 있구나!'를 느낀 뒤 바로 등록했습니다. 시설 깔끔하고 코치님들도 친절히 세심하게 잘 가
르쳐 주십니다. 에너지 넘치는 사람들과 여럿이서 운동하는 재미를 느껴봐요~",4층이고 샤워실 6개라 쾌적해요! 선생님들도 열정 넘치시고 분위기도 좋아요~,"저는 완벽한 운알못이었는데 1주 무료체험 하고 반해서 등록했습니다~.~ 지상 4층이라 답답함도 없고, 운동 끝나고 자판기에서 시원한 프로틴 뽑아 마시면 캬 F45한남, 이곳이 천국!!!!! 이곳이 내 무덤😜 무엇보다 회원 실력에 맞게 맞춤 교육 해주시는 코
치님들, 그 중 여자들의 워너비 예림코치님 예쁘고 멋있는 거 말해뭐해고 부상 있는 부위는 무리 안 되게 세심하게 신경써서 가르쳐 줍니다. 수건, 기초화장품 등 비품이 잘 갖춰져 있어서 운동가방도 가볍고~ 회원들 코치님들 모두 가족같은 분위기고~ 암튼 다다다 
좋아요!!! 일단 한번 오세요. 프며듭니다. 이상 내돈내등(록) 후기였습니다ㅎ.ㅎ","갈 때마다 매니저님, 코치님들이 반갑게 맞이해주셔서 혼자여도 어색하지않아요! 회원분들도 다 너무 좋은 분들만 계세요! 운동 시에도 자세도 꼼꼼히 봐주시고, 힘들면 화이팅도 해주셔서 힘이나요. 혼자서 헬스장에 다닐 때는 기구 사용법도 모르고 어떤 운동을 해야할지 몰라서 잘 안가고 런닝머신만 타게되는데, 여기는 프로그램이 짜여져있어서 좋고 매번 바뀌어서 지겹지도 않아요. 여기서 배운 동작들로 헬스장에서 혼자 운동할 수도 있을 것 같아요. 운동기구와 시설도 깨끗하고, 샤워장과 락커, 파우더룸도 깔끔해요. 구비되어있는 어매니티들도 너무 좋아요!",같이 으쌰으쌰 하는 운동하는 재미가 있는 곳. 코치님들도 매우 친절하시고 운동할땐 단호하시고 최고임. 혼자하면 중간에 멈추기 쉽지만 F45는 함께 화이팅 하다보면 어느새 끝나있음. 정신이 없어서 중간에 포기할 수가 없음. 한달후면 매일 운동가는 자신을 발견. 놀랍습니다.,좋아요!! 전 거리 때문에 일회성이지만 같이 간 친구는 회사랑도 가까워서 계속 다닌다고 하네요,"3개월 이용하고 오늘 연장했습니다 😆 3개월 전엔 꿈도 못꾸던 동작과 세트도 몇개나마 할 수 있게 되었고 조금씩 퍼포먼스가 좋아지고 있어 지금까지 해본 것들 중 성취감이 가장 많이 느껴졌던 운동이에요. 코치분들께서 어디가 불편하고 아픈지 체크하며 자세도 매번 잘
 잡아주십니다. 또 같이 땀흘리며 뛰어주고 응원해주는게 정말 많은 도움이 되는 것 같아요. 조금만 쉬었다 할까 싶은 것도 그 응원 때문에 하나라도 더 하게 되요ㅎㅎㅎ!! 구호처럼 라이프 체인징이 되고 있어서 너무 좋습니다 :)",F45를 만나고 운동이 더욱 재밌어졌어요! 코치님들 자세 하나하나 봐주시고 친절하셔서 다음번에도 또 운동하러 가려 합니다~
20,"1:1 60분 수업 20회 받았습니다 😊 무리하게 운동하면 안 되는 몸이지만 체력 증진을 위해 운동을 시작해봤는데, 그날 컨디션과 몸에 맞춰서 운동 할 수 있어서 정말 좋았습니다! 항상 꼼꼼하게 해주셔서 감사했어용 체지방도 빠지고 자세 교정이랑 몸매도 정돈
 됐습니다 정말 츄천드려요 :)",지혜쌤 덕분에 힙이 전혀 없었는데 힙이 생겼어요! 필라테스를 오래했는데도 힙이 제일 고민이었거든요 ㅠㅠ 차근차근 섬세하게 잘 가르쳐 주세요. 근육인지가 안되면 원인을 찾아 꼼꼼히 알려주셔서 감사했어요. 여름앞두고 애플힙 고민 이시라면 지혜쌤 무조건 강추합니다! 고민 그만하시고 등록하세욧 👍🏻,"체형교정과 다이어트를 목적으로 방문했던 바디컨설팅 숙대점에서 만났던 지혜샘 덕분에 건강한 체력을 유지하고 있는 중입니다. 늘 친절하시고 매번 꼼꼼하게 컨디션 체크 후에 체력에 맞는 수업을 진행해주셨어요. 식단도 매일 체크해주시니까 부족하고 넘치는 부분이 무엇인지 잘 알게 됩니다. 자세도 잘 봐주시고 빠르지도 느리지도 않게 부상 없이 운동할 수 있도록 많이 도와주셨어요. 센터 시설도 깨끗하고 밝은 분위기 속에서 운동할 맛이 나요. 지혜샘도, 바디컨설팅도 완전 추천합니다. :)","처음 방문하게 된건 코로나 걸리더니 면역력이 많이 떨어지게되고 급 허리가 안좋아 신경주사 치료두 3번 받구 했는데도 사무실에서 일하는게 너무 힘들었어서 운동 부족인가 싶어 집앞에 바디컨설팅 숙대점에 방문했는데 손지혜선생님께서 허리에 무리하지 않는선에서 기초적인
운동을 하게되었어요 자세한 설명 그리고 운동시작전 마사지 하구 시작하게 되니 편안하게 운동을 시작하게되고... 운동 놓은지 20년이 넘다보니 정말 기초적인 운동 또한 못해애 먹긴 했어두 확실한 효과는 보게 되고 해서 믿음이 생기게 되었어요. 스트레스 받지 않고
 즐겁게 운동할수 있고자세두 잘잡아주시니 시간이된다면 매일 매일 받고 싶습니다. 친철하고 세세한 관리 너무 좋습니다.","지혜쌤 강추드립니더,, 라운드숄더, 앞으로 쏠린 채 걷는 고질적인 자세 때문에 피티 받자 결심 했었는데요, 쌤이 문제점들 금방 파악하고는 걸을 때 힘을 줘야 하는 근육들을 찝어주고 그에 맞는 강화 운동도 굉장히 자세하게 가르쳐줬어요. 쌤이 가르쳐주는 내용들은 적
용이 쉬워서 피티 15회차 만에 누가봐도 자세 좋아져서 걸을 때 자세가 참 이쁘다 칭찬도 받았어요!!! 개인 운동도 잘 봐주시는데 그냥 계단 오르기 운동하시면 좋아요~ 하고 끝나는게 아니라 계단 오르는 자세 봐주시고 엉덩이 쓰는 방법 알려주시고,, 똑같은 운동
도 배로 효율적으로, 실생활에 바로바로 적용할 수 있게 가르쳐주십니다. 또 가르쳐준 운동 돌아서면 까먹는데 지혜쌤은 동영상 촬영해라 두고두고 봐라 해주심ㅠ 지혜쌤이랑 운동하면 적어도 후회안함","1:1 60분 수업 20회 / 50분 수업 10회 들었습니다! 허리나 어깨, 발목 부상이 있으셨던 분들은 바디컨설팅 강추에요. 바로 운동을 들어가는게 아니라 아픈 곳위주로 케어가 진행된 후 운동이 시작되어 부상위험도 적고, 운동 후에도 훨씬 부담이 적었
습니다! 수업도 체계적이고 선생님들 모두 열정적이시고 친절하세요! 수업 이외의 시간을 회원들에게 할애하는게 쉽지 않은데 가끔 남산 등산도 가고 pt선생님에서 끝나지 않고 '운동 메이트'가 되어주시려고 노력 많이 하세요! 식단도 강요하지 않고 먹은 것에 대해서 그
냥 '잘하셨어요~~ 다음엔 이렇게 곁들어서 먹으면 더 건강하게 드실 수 있어요'라고 지도해주신게 정말 좋았습니다!","건강에 문제가 있어서 이래저래 귀찮은 회원일 텐데 항상 친절하고 꼼꼼하게 운동과 식단을 관리해주셔서 무탈하게 운동하고 점차 건강이 개선되고 있어요. 운동이랑 담 쌓고 살던 사람인데 선생님 덕에 운동에 재미도 붙이고 PT하는 날이 아닌데 따로 운동하기도 하고 그
랬어요. 스스로의 변화가 신기할 정도로 이전보다 나은 생활 중입니다. 혼자 바뀌기 어렵다고 생각되시면 도움을 받는 것도 좋은 일인 것 같아요. 만약 고민하시는 분이 계시다면 여기 와보시는 거 추천해요. 😊","PT는 처음인데 자세도 친절하게 잘 알려주시고, 2:1로 해도 한명 한명 꼼꼼히 봐 주셔서 시간, 돈 아깝다는 생각 전혀 안 들고 즐겁게 운동했어요. 원래 먹는 것 신경 전혀 안 쓰는 사람이었는데 식단 패턴 잡는 것도 도와주셔서 노력하게 되고, 주기적으로 운동하니까 근육 잡혀가는게 느껴져서 정말 후회 없는 소비였던 것 같습니다. 추천해요🙂","다이어트 목적으로 상담을 받았는데 식단을 꾸준히 잘 봐주시고 관리해주셔서 운동이랑 같이 병행하니까 살 빠지는게 눈에 보여서 너무 좋아요! 2:1로 수업 받고 있는데, 선생님도 친절하시고 재밌으셔서 항상 재밌는 분위기로 즐겁게 수업했어요ㅎㅎ","진짜 운동 하기 싫어하고 잘 못하는 운동거지 1인입니다.5년 전에 이곳에서 운동을 했다가 의지력 박약으로 2년정도 쉬고 다시 운동을 해야겠다는 생각이 들었을때 제일 처음으로 생각난 곳이 바로 ""바디컨설팅""이였습니다. 헬스&필라테스가 결합된 곳이고 쌤들 모두
가 회원 한명한명에게 쉽고 자세하게, 그리고 친절하게 설명을 해 주셔서 운동 거지인 저같은 사람도 집에 가서 혼자 할 수 있는 방법까지 알려주십니다. 운동 너무나 싫어하는 1인인데 제 직장동료들에겐 ""바디컨설팅""을 너무너무너무! 진심진심진심! 추천해욤!! 바디컨
설팅의 운동방법을 소개하면 다들 등록하고 싶어 하지만 근처에 지점이 없어서 아쉬워들 합니다. 근처에 바디컨설팅 있는 분이라면 당장 등록하셔야만 합니다!!! 운동 거지의 진심이 느껴졌음 좋겠네욤 ^^"
21,운동하기 좋은 곳입니다,좋아요,,,,,,,,
22,"회원분들을 위한 편의공간이 있어서 좋아요~ 회복운동이 있어서 수술전,후 운동이 가능하고 만성적인 불편함을 개선하는 다양한 운동법이 있더라구요~서비스가 좋고 인테리어 고급스러워서 만족스럽고 주차 또한 편리해요♥️",인테리어가 정말 고급스러워서 들어가는 순간부터 마음을 제대로 잡고 운동하게 되는 것 같아요~ 선생님들 모두 친절하셔서 좋아요. 가격대도 괜찮아요,"선생님들 친절하고 전문적여서 좋아요👍 회원분들을 위한 편의공간이 있고, 회복운동이있어서 수술전,후 운동이가능하고 만성적인 불편함을 개선하는 다양한 운동법이 있어서 좋았어요😊",인테리어가 이렇게 고급스러운곳은 처음이에요!깨끗하고 쾌적하고 친절해서 기분좋게 다니고 있어요~,"실내 인테리어 넘 고급스러워용ㅋ 서비스도 좋구요! 좋은게 회복운동이란게 있더라구요?! 수술 전 후로 운동이 가능해 괜찮더라구요
먼성적인 불편함 개선에 다양한 운동도 있어 좋습니당!",PT만 전문으로 하는곳 찾다가 알게된곳이에요! 겉외관도 럭셔리하고 트레이너 선생님 실력도 정말 너무 좋아요! PT하면서 이렇게 만족스럽게 다닌적이 없었던듯! 운동 기구 다양하고 최신기구라 더 좋아요! 꼼꼼하게 관리해주시고 자세도 잘 잡아주셔요~,꾸준히 다니고 있는데 관리를 잘하시는지 시설 좋고 깨끗해서 좋아요 무엇보다 사장님도 넘 친절하십니다,겨울내내 살이 많이 쪄서 운동이 하고 싶은데 헬스장보다 일대일 pt가 훨씬 효과가 좋을것 같아서 알아보고 찾아왔는데 너무 고급스러움에 깜짝 놀랐어요!! 운동할맛 나는 곳이네요!! 열심히 해서 여름에 예쁜옷 많이 입고 다녀야 겠어요!,건물외관이 너무 예뻐서 놀랬어요 ㅋㅋ 일대일 가르침을 받고싶어 선택한 곳 입니다 쌤도 친절하시고 즐겁게 운동 가르쳐주세요 운동기구들도 공간별로 잘 배치되오있구요 기구들도 다양하네요 매달 프로모션행사도 다양하네요 앞으로 열심히 할게요,다양한 기구와 깔끔하고 멋진인테리어가 눈을 즐겁게 하고 선생님들의 체계적인 1:1pt수업을 받아서 그런지 운동이 정말 재미있고 효율적이예요~^^주차도 편리하고 요즘같은 코시국에 100프로 예약으로 운영되어 프라이빗하게 수업을 받을수 있어서 만족스러워욥!
23,,,,,,,,,,
24,"회사가 용산에 있어서 주변 헬스장 알아보는데 용산역/신용산역 주변은 다 피티샵이더라구요..ㅋㅋ 사실상 선택지가 여기밖에 없어서 등록했는데 시설도 깨끗하고 쾌적하게 운동할수 있어서 너무 좋아요 직원분들도 친절하시고😃 전에 다녔던 헬스장들은 운동하는곳이든 탈의실이
든 약간 퀴퀴한 냄새가 났었는데 여기는 항상 관리가 잘돼서 좋아요!!","트레이너 님들도 친절하시고 헬스장 시설도 항상 깨끗하게 관리되어있어서 쾌적하게 이용하고 있습니다 🙃 승우 트레이너님은 제가 받아본 PT중 가장 꼼꼼하고 체계적이십니다!! 운동할때 자극점, 자세 등을 자세하고 쉽게 알려주셔서 점점 운동하는 재미도 알아가는거 같
아요 식단도 신경써주셔서 많이 도움이 되고 있습니다🔥 남은 수업도 잘 부탁 드립니다🙇‍♂️","자랑하고싶은게 너무 많은 센트럴짐!! 필라테스, 수영 등 여러 운동을 했지만 항상 아쉬움이 있었는데 민지쌤과 PT는 아쉬움이 하나도 없어요! 딱 하나있다면 더 자주 못한다는거??? 운동하는 시간동안 온전히 저에게 집중해주시고, 자세, 근육모양, 힘주는거 하나하나 꼼꼼히 살펴봐주셔서 원하는 운동을 ‘제대로’ 할 수 있어요!😍","체력이 너무 안좋아서 마음먹고 시작한 헬스였는데, 승우쌤 만나서 두달 정도된 지금!! 확실히 전보다 몸이 가벼워진게 느껴집니다. 매 수업마다 컨디션 체크부터, 필요한 운동을 맞춤으로 알려주시는 승우쌤 덕분에 점점 재미도 붙고 열정도 생기고있어요💪시설도 쾌적하고 다들 화이팅 넘치셔서 분위기 최고입니다 ❤","일자목 통증 때문에 일상생활이 힘들 때 쯤 혜선쌤 만나 운동 시작했고, 이제 6개월이 넘었습니다. 목 통증은 거의 없어졌고 평생 못고칠줄 알았던 거상도 조금씩 교정되고 있어요!! 이제 등 근육이 존재감을 나타내고 있는 요즘 운동 하는게 하루하루 즐겁네요🤗 혜선쌤이 체형에 맞게 체계적으로 수업 해 주셔서 더 효과적으로 빠른 체형 교정이 가능 했던 것 같아요!! 다른 쌤들도 항상 너무 친절하시고, 열정이 넘치셔서 운동하러 왔다가 좋은 기운 많이 받고 갑니다 !! 번창하세요","헬스장을 다녀보고 싶은데 자세와 기구사용법등을 모르는 헬린이라 혜선쌤에게 피티를 배우기 시작했습니다☺️ 항상 모든것에 끈기가 부족한 탓에 배우기전엔 제가 과연 열심히 다닐수 있을까 걱정됬었는데, 한달 정도 된 지금은 헬스장에 가는 걸음은 가볍고 나올땐 뿌듯하고 보람찹니다!🏃🏻‍♀️🏃🏻‍♀️🏃🏻‍♀️더 열심히 운동해서 이번년도는 꼭 제가 원하는 몸을 만들어 보려합니다🤭🤭","웨딩촬영+본식 준비위해 피티 상담 받고 시작했어요. 촬영 일주일전부터 수업 시작해서 시간이 촉박했는데, 속성으로 등라인 잡아주셔서 촬영때 너무 만족스러운 결과물 얻을 수 있었습니다.
본식 3개월 남았는데 그때까지 체계적으로 식단+체형관리 도와주실 예정이라 믿고 열심히 해볼 예정입니다!!","근력 운동을 제대로 해본 적이 없어서 걱정을 많이했는데, 센트럴짐 이민지 트레이너님 덕분에 운동에 재미붙여서 매일매일 웨이트 트레이닝 하고 있어요👍🏻 깔끔하고, 쾌적한 건 기본이고 트레이너님이 내 체형에 맞춘 운동을 매번 준비해주셔서 너무너무너무 좋아요❤️ 리뷰보고 고민하지마시고 그냥 제발 등록하세요😋","직업상 몸 라인 관리가 필요해서 피티를 시작하게 되었고, 그런 부분을 민지쌤이 상담때부터 얘기도 잘 들어주시고 제가 원하는 라인을 먼저 말씀해주시고 더 신경써주셔서 무한신뢰로 재밌게 하고 있습니다.🤍 편안한 분위기로 쉽게 알려주셔서 따라가기 너무 좋고 지옥같은 
피티인식이 확 깨졌어요ㅎㅎ 신기하다 싶을 정도로 잘 잡아주셔서 제가 제대로 기구를 쓰는 것 같았어요! 지금 3주짼데 덕분에 식단도 운동도 재미붙여서 하고 있고 라인이 많이 달라졌어요 ㅎㅎ 나시입고 사진을 그냥 막 찍게되는 .. 저를 발견🤍 민지쌤 증말 못잃어 ..
..🤍🤍🤍🤍 아 그리구 시설도 직원분들도 다 좋아요 ! 🫶🏻","피티도 여러군데에서 해봤는데 다닌지한달됬지만 우리쌤이랑 센트럴짐이 진짜 굉장히 열정적이시고, 잘 알려주세요!! 굉장히 체계적이고 다이어트에대해 잘못알고있던지식도 바로잡아주셨어요🥺 그리고 진짜 시설이 엄청깨끗하고 개별샤워실너무너무좋고, 샤워실비품들도 깔끔하고 
진짜좋아요🖤 쌤이 격려도 많이해주셔서 운동이 하고싶어지는 그런 마음이뿜뿐 생겨나요 아무튼짱💪🏻💪🏻🖤"
25,,,,,,,,,,
26,스쿼트머신 / 턱걸이보조기구 / 엉덩이기구 / 유산소기구 등등 혼자운동나왔을 때 쓸 수있는 간편한 기구들이 준비되어 있어서 혼자운동하는 능력을 기르기 참 좋은곳입니다!!!!!! 진짜 최고의 센터!!!,신설이라 내부시설 깔끔하고 친절하고 자세한 상담으로 맞춤설계 당하고 왔어요ㅎㅎ,쌤들이 전문적이시고 친절하게 잘해주십니다,"다른 여러 곳에서 pt를 받아왔는데, 확실히 다른 점들이 있었어요~ 가격이 다른 곳들에 비해 1-2만원(?) 정도 비싸지만, 담당 쌤이랑 대표 쌤 두 분이서 계속 수업과 관리를 해주셔서 ‘더욱 세심하게 관리받고 있다’ 라는 느낌을 계속 받았어요! 그리고 뭔가 재
활?만 하는 루즈한 느낌과 강한 강도의 운동만 하는 너무 스파르타식 압박이 전혀 없었고, 제 몸에 현재 필요한 기능성 재활 운동과 웨이트 운동을 함께 병행해서 수업을 진행해 주셔서 너무 좋았습니다~ 아 그리고 모든 동작에 있어서 하나하나 이해하기 쉽게 왜 해야하
는지에 대해 알려주셔서, 복습하는데에 있어서 잊어버리지 않고 운동할 수 있었어요! 아무쪼록 기존의 다른 곳들과는 시설부터 수업까지 모든 부분에서 한껏 업그레이드된 곳인 것 같아요~",,,,,,
27,"회사근처 운동할 곳 찾다가 한남동에서 제일 괜찮은 곳이라서 등록했어요! 일단 두개의 층으로 나눠져 있어 넓고 쾌적합니다! 운동에 집중 할 수 있게 선곡도 늘 언제나 좋아요 ㅎㅎㅎ 그리고 운동 기구와 기구 사이의 간격도 어느정도 여유로워서 부담스럽지도 않고요 ㅎㅎ 
피티 받으실 분은 😎윤호상트레이너쌤😎 추천합니다!! 질의응답에 늘 언제나 친절하게 답변해주시고, 제 체형 상태와 건강 상태에 맞는 운동프로그램이 체계적이라서 더더욱 만족하는 중!! 완전 운동할 맛 납니다!!😄😄😄😄","최근에 오픈해서 그런지 시설이 정말 깨끗하고 좋습니다! 블랙톤으로 인테리어가 되어있어서 강력한 힘을 쓸 수 있을 것 같은 기분이 드는 공간 !
상담도 수업도 너무 친절하고 좋아요! 
현재까지 대 만족 중!","시설이 넓고 생긴지 얼마 안되서 깨끗하고 좋아요
가격도 괜찮다고 생각해요",새로 오픈한 곳이라 깨끗하고 2개층 모두가 운동 공간이라 쾌적하게 운동할 수 있는 점이 좋네요. 오운완!,최근에 이쪽으로 옮겼는데 대만족이에요! 시설도 깔끔하고 혼잡하지도 않고 쌤들도 에너지 뿜뿜하세요 ㅋㅋㅋㄱ 마사지볼 필요해서 구입했는데 딱 적당한 크기라서 좋았어요! 제가 쓰던 것보다 좀 딱딱하긴 한데 그래서 전 더 좋더라구요 ㅎㅎ,오픈해서 그런지 깔끔하고 시설도 크고 기구도 많아요!~ 선생님들도 안내 친절하게 해주셔서 추천합니다!!!!,업핏 피트니스 의류 브랜드에서 깔끔하고 운동 할때도 편할거 같아 구매 했어요!,혜인팀장님께 피티받고 있는데 너무 친절 유쾌 그 자체라 운동이 재밌어요! 진짜 혜인쌤매직... ! 혼자 운동할 때도 쌤들이 오며 가며 신경써주셔서 너무 좋슴당 바프준비 화이팅🙌🏼🙌🏼,공간이 넓고 새로 오픈해서 시설이 너무 깨끗해요 운동 공간뿐만 아니라 탈의실도 많이 신경쓴게 느껴져요 사진으로 담았으면 좋았을텐데 ㅠㅠ 센터 곳곳이 포토존이 될 수 있는 점도 좋은 거 같아용:),공간이 넓고 깔끔하고 좋아요! 헬스하다가 필라테스도 해보려구요 ㅎㅎ
28,,,,,,,,,,
29,,,,,,,,,,
