﻿id,name,img,grade,lat,lng,phoneNumber,address
0,골든짐,https://search.pstatic.net/common/?autoRotate=true&type=w560_sharpen&src=https%3A%2F%2Fldb-phinf.pstatic.net%2F20220723_112%2F1658552237261lhsBv_JPEG%2F1657796401790-1.jpg,4.91,37.50072293348916,127.10372743078744,,서울특별시 송파구 가락로 94 (석촌동)
1,짐스휘트니스,https://search.pstatic.net/common/?autoRotate=true&type=w560_sharpen&src=https%3A%2F%2Fldb-phinf.pstatic.net%2F20211215_44%2F16395789350258NtL5_JPEG%2F14-6.jpg,4.54,37.50380802235763,127.11119050958109,,"서울특별시 송파구 가락로 168 (송파동, 부성빌딩)"
2,슈나이더 짐,https://search.pstatic.net/common/?autoRotate=true&type=w560_sharpen&src=https%3A%2F%2Fldb-phinf.pstatic.net%2F20220715_141%2F1657877037075xxb2o_JPEG%2FKakaoTalk_20220715_182251453.jpg,4.93,37.48981863857966,127.12090561895945,,서울특별시 송파구 동남로 110 (문정동)
3,백세청춘,https://search.pstatic.net/common/?autoRotate=true&type=w560_sharpen&src=https%3A%2F%2Fldb-phinf.pstatic.net%2F20150901_121%2F1441083334404gn62h_JPEG%2F166667424736210_1.jpg,4.57,37.518884947913484,127.0963904851533,02-2042-0902,"서울특별시 송파구 올림픽로35길 112, 장미아파트 비상가 5층 (신천동)"
4,우정휘트니스클럽,https://search.pstatic.net/common/?autoRotate=true&type=w560_sharpen&src=https%3A%2F%2Fldb-phinf.pstatic.net%2F20220726_25%2F16588381325436oJrc_JPEG%2FKakaoTalk_20220726_205953154_26.jpg,3.81,37.493198942427554,127.14364350895868,449-2118,서울특별시 송파구 오금로 519 (거여동)
5,짐퍼스트 휘트니스,https://search.pstatic.net/common/?autoRotate=true&type=w560_sharpen&src=https%3A%2F%2Fldb-phinf.pstatic.net%2F20220714_54%2F1657766256560pEhgN_JPEG%2F%25C7%25D0%25BB%25FD-%25C0%25CC%25BA%25A5%25C6%25AE_%25281%2529.jpg,4.25,37.52805456772968,127.11548436222422,488-4002,"서울특별시 송파구 토성로 78 (풍납동, 정민빌딩)"
6,더드림 피트니스,https://search.pstatic.net/common/?autoRotate=true&type=w560_sharpen&src=https%3A%2F%2Fldb-phinf.pstatic.net%2F20191118_297%2F1574087499167fr0m1_JPEG%2FSliDrM2Xj1qfbw8OfH0VPrYq.jpg,4.95,37.50921019348103,127.10267678849073,,"서울특별시 송파구 백제고분로41길 43-5, 신천빌딩 2층 (송파동)"
7,크로스핏거여 앤 탑스포츠클럽,https://search.pstatic.net/common/?autoRotate=true&type=w560_sharpen&src=https%3A%2F%2Fldb-phinf.pstatic.net%2F20150831_206%2F14409949796026k23Q_JPEG%2FSUBMIT_1399966876604_13151025.jpg,,37.49283039516925,127.14215988107995,,"서울특별시 송파구 오금로 508 (거여동, 스타빌딩)"
8,스카이 휘트니스,https://search.pstatic.net/common/?autoRotate=true&type=w560_sharpen&src=https%3A%2F%2Fldb-phinf.pstatic.net%2F20200514_181%2F1589441751265TPGua_JPEG%2Fa_ixrmDSmc2sfiqNvBC3yS1D.JPG.jpg,,37.49745551126235,127.13255641560293,,"서울특별시 송파구 오금로 410, 4층 (가락동)"
9,피트니스비엠,https://search.pstatic.net/common/?autoRotate=true&type=w560_sharpen&src=https%3A%2F%2Fldb-phinf.pstatic.net%2F20220303_39%2F16463000437284ibdI_JPEG%2F%25BA%25F1%25BF%25A5_%25C0%25E1%25BD%25C7_%25281%2529.jpg,4.5,37.51156669806804,127.07613119424289,02-512-7721,"서울특별시 송파구 올림픽로 76, 12층 1201,1202호 (잠실동, J타워)"
10,NC 휘트니스,https://search.pstatic.net/common/?autoRotate=true&type=w560_sharpen&src=https%3A%2F%2Fldb-phinf.pstatic.net%2F20201013_125%2F16025589507812l4Qm_JPEG%2FkErQZRIqMSLAXO8493opYOvH.jpg,4.62,37.48107872660993,127.12353104759417,,서울특별시 송파구 새말로8길 20 (문정동)
11,커브스가락클럽,https://search.pstatic.net/common/?autoRotate=true&type=w560_sharpen&src=https%3A%2F%2Fldb-phinf.pstatic.net%2F20210716_287%2F16264108703706qPMk_PNG%2FAXmcJK_e74WbO1PkipkunO9p.png,,37.495019457657044,127.12795435421289,,"서울특별시 송파구 동남로 198, 3층 (가락동)"
12,커브스 잠실클럽,https://search.pstatic.net/common/?autoRotate=true&type=w560_sharpen&src=https%3A%2F%2Fldb-phinf.pstatic.net%2F20150831_120%2F1441005450164KecAY_JPEG%2F166177444226126_1.jpg,,37.50953570710824,127.08048057797222,02-415-3070,"서울특별시 송파구 올림픽로12길 23, 2층 (잠실동)"
13,카인드짐,https://search.pstatic.net/common/?autoRotate=true&type=w560_sharpen&src=https%3A%2F%2Fldb-phinf.pstatic.net%2F20220407_39%2F1649324859713oLYAw_JPEG%2F%25BC%25BE%25C5%25CD%25BB%25E7%25C1%25F8.jpg,4.67,37.515232642425225,127.11178722024962,,"서울특별시 송파구 백제고분로 501, 지하2층 (방이동)"
14,튼튼해짐,https://search.pstatic.net/common/?autoRotate=true&type=w560_sharpen&src=https%3A%2F%2Fldb-phinf.pstatic.net%2F20201117_206%2F1605589806513S5QdR_JPEG%2FbJ1mQ5F0RIVxkZJm5Qf6_G3y.jpg,,37.5089745477624,127.12450512217607,070-4408-0797,"서울특별시 송파구 위례성대로20길 27, 2층 (오금동)"
15,파이널짐,https://search.pstatic.net/common/?autoRotate=true&type=w560_sharpen&src=https%3A%2F%2Fldb-phinf.pstatic.net%2F20211017_153%2F1634439338220223H0_PNG%2FCmUtXcTl9Us_m_-HRfWMVPtS.png,5,37.506404602021874,127.10476202371639,,"서울특별시 송파구 백제고분로41길 7-15, 굿피플오피스 송파 8층 (송파동)"
16,이코리아PTGYM,https://search.pstatic.net/common/?autoRotate=true&type=w560_sharpen&src=https%3A%2F%2Fldb-phinf.pstatic.net%2F20150901_91%2F1441088353118utNlg_JPEG%2F21407261_0.jpg,,37.50874377292608,127.12755202836003,3402-1113,"서울특별시 송파구 위례성대로22길 18, 2층 (오금동)"
17,커브스거여클럽,https://search.pstatic.net/common/?autoRotate=true&type=w560_sharpen&src=https%3A%2F%2Fldb-phinf.pstatic.net%2F20210204_67%2F1612427208049GWq37_PNG%2F3.png,,37.493258556945904,127.14229234692907,02-407-3330,"서울특별시 송파구 오금로 507, 거여빌딩 5층 501호 (거여동)"
18,네추럴 홍 휘트니스,https://search.pstatic.net/common/?autoRotate=true&type=w560_sharpen&src=https%3A%2F%2Fldb-phinf.pstatic.net%2F20211026_124%2F1635213889448548eD_JPEG%2F4zqJa3hN3yf1IAcSNING_Y8O.jpg,,37.49893544029417,127.14176023871036,408-3337,서울특별시 송파구 마천로 250 (거여동)
19,데일리 피트니스,https://search.pstatic.net/common/?autoRotate=true&type=w560_sharpen&src=https%3A%2F%2Fldb-phinf.pstatic.net%2F20200312_165%2F1583991175590zLjAr_PNG%2F-bPy2oLMRryUfdQosCE6Evpm.png,4.91,37.49537292621834,127.12819342799199,400-1388,"서울특별시 송파구 동남로 202 (가락동, 광성빌딩)"
20,DM휘트니스,https://search.pstatic.net/common/?autoRotate=true&type=w560_sharpen&src=https%3A%2F%2Fldb-phinf.pstatic.net%2F20200401_160%2F1585729099811vhEn9_JPEG%2FAIc0e7zMGzU_BmqK0zryEmTs.jpg,,37.50594467132622,127.11636545939545,463-5790,서울특별시 송파구 오금로24길 13 (송파동)
21,프리짐 휘트니스,https://search.pstatic.net/common/?autoRotate=true&type=w560_sharpen&src=https%3A%2F%2Fldb-phinf.pstatic.net%2F20210123_55%2F1611357517849d4hHh_JPEG%2Fj_kRdggRXXBbenilq-tlVggA.jpg,,37.52833922329073,127.11381846772188,,서울특별시 송파구 올림픽로47길 19 (풍납동)
22,글로리짐,https://search.pstatic.net/common/?autoRotate=true&quality=95&type=w750&src=https%3A%2F%2Fldb-phinf.pstatic.net%2F20200222_220%2F1582364654651N5Hl9_JPEG%2F0dJolVNHYSqQ5vYu25lHv9bn.jpg,,37.50380986534077,127.0927338377573,070-8958-3169,서울특별시 송파구 백제고분로31길 14 (삼전동)
23,마크짐휘트니스,https://search.pstatic.net/common/?autoRotate=true&type=w560_sharpen&src=https%3A%2F%2Fldb-phinf.pstatic.net%2F20190906_228%2F1567752244375k6oa8_JPEG%2Fpza_fJn4lZW3H1it8WvU6imr.jpg,4.64,37.503360922636226,127.10550397971487,,서울특별시 송파구 송파대로 405 (석촌동)
24,제이팀,https://search.pstatic.net/common/?autoRotate=true&type=w560_sharpen&src=https%3A%2F%2Fldb-phinf.pstatic.net%2F20210217_232%2F1613550862334Cq8SC_JPEG%2FQz0SPnK5Ue1r5dJM3yX6a0Vc.jpeg.jpg,,37.520865202615056,127.10142266220869,,서울특별시 송파구 올림픽로 435 (신천동)
25,더디젤,https://search.pstatic.net/common/?autoRotate=true&type=w560_sharpen&src=https%3A%2F%2Fldb-phinf.pstatic.net%2F20200316_165%2F1584343500320Pm63H_PNG%2FmUylk6Y8z_DgnV3RwEhqFZAo.png,,37.503597011418044,127.08628358605301,,서울특별시 송파구 백제고분로22길 4 (삼전동)
26,바디퓨처,https://search.pstatic.net/common/?autoRotate=true&type=w560_sharpen&src=https%3A%2F%2Fldb-phinf.pstatic.net%2F20210519_196%2F1621416652503dO73F_JPEG%2FZn6hYbO-N2Gl4M4H0_ofUWle.jpg,,37.50641581914138,127.07695916569905,,서울특별시 송파구 백제고분로 116 (잠실동)
27,아이디얼핏,https://search.pstatic.net/common/?autoRotate=true&quality=95&type=w750&src=https%3A%2F%2Fldb-phinf.pstatic.net%2F20190902_239%2F1567390489330nLscO_JPEG%2FoRPg9kAStLKFyiLgdFXzePrb.jpg,,37.506194289836,127.09461930556867,02-2202-6265,"서울특별시 송파구 삼학사로 100, 3층 (석촌동, 그랜드빌딩)"
28,RESTART GYM,https://search.pstatic.net/common/?autoRotate=true&type=w560_sharpen&src=https%3A%2F%2Fldb-phinf.pstatic.net%2F20191030_236%2F1572414176458pKzgY_JPEG%2FmykfES14ZXHPO-XwqcH6hyfj.jpeg.jpg,,37.50702769956607,127.08801815148595,,"서울특별시 송파구 삼전로 100, 아카데미빌딩 2층 4-1호 (삼전동)"
29,flex gym,https://search.pstatic.net/common/?autoRotate=true&type=w560_sharpen&src=https%3A%2F%2Fldb-phinf.pstatic.net%2F20220121_147%2F1642746295389XzqYn_JPEG%2FKakaoTalk_20220121_152203943.jpg,,37.481669692326584,127.12282310455981,,"서울특별시 송파구 새말로8길 14, 건영아파트 상가 2층 (문정동)"
30,핏존,https://search.pstatic.net/common/?autoRotate=true&type=w560_sharpen&src=https%3A%2F%2Fldb-phinf.pstatic.net%2F20211008_75%2F1633704542772uLb7a_JPEG%2Fc5Wm-TwTi28pQ8snXata1qlN.jpg,4.92,37.50137686426997,127.10580314159715,,"서울특별시 송파구 가락로 114, 신우빌딩 6층 (석촌동)"
31,Dr.Line PT GYM,https://search.pstatic.net/common/?autoRotate=true&type=w560_sharpen&src=https%3A%2F%2Fldb-phinf.pstatic.net%2F20211222_237%2F1640159864162D96yR_JPEG%2FB6E1B911-9EB9-4CBE-BEC8-566B00B87D2F.jpeg,,37.503585276896374,127.10624279435217,,서울특별시 송파구 송파대로 406 (송파동)
32,Crossfit 피어스 배틀,https://search.pstatic.net/common/?autoRotate=true&type=w560_sharpen&src=https%3A%2F%2Fldb-phinf.pstatic.net%2F20191221_84%2F1576920069444Nkafo_JPEG%2FO4wr_-_-4NBdra8cSPYhLy3C.jpg,,37.51019014677886,127.0781973016039,,서울특별시 송파구 올림픽로10길 16 (잠실동)
33,BodyCafe,https://search.pstatic.net/common/?autoRotate=true&type=w560_sharpen&src=https%3A%2F%2Fldb-phinf.pstatic.net%2F20150901_33%2F1441048926624JAOnd_JPEG%2FSUBMIT_1325076001462_20399659.jpg,,37.50928972966823,127.12250966341789,02-412-2253,서울특별시 송파구 위례성대로18길 31-12 (방이동)
34,바디플래너,https://search.pstatic.net/common/?autoRotate=true&type=w560_sharpen&src=https%3A%2F%2Fldb-phinf.pstatic.net%2F20151104_298%2F1446611016055U0ORf_JPEG%2FSUBMIT_1446610496973_37253677.jpg,5,37.507926146626126,127.08508424053586,,서울특별시 송파구 석촌호수로 100 (잠실동)
35,위너핏,https://search.pstatic.net/common/?autoRotate=true&type=w560_sharpen&src=https%3A%2F%2Fldb-phinf.pstatic.net%2F20220415_137%2F1650005343477QGIUK_PNG%2F%25B7%25CE%25B0%25ED.png,,37.50971541811656,127.12105188893062,02-6418-9600,서울특별시 송파구 마천로 25 (방이동)
36,크로스핏앤서,https://search.pstatic.net/common/?autoRotate=true&type=w560_sharpen&src=https%3A%2F%2Fldb-phinf.pstatic.net%2F20150901_179%2F1441049681605zqf6e_JPEG%2FSUBMIT_1422264249702_36208743.jpg,,37.51015771308375,127.12793761815405,,서울특별시 송파구 위례성대로 180 (오금동)
37,코치짐,https://search.pstatic.net/common/?autoRotate=true&type=w560_sharpen&src=https%3A%2F%2Fldb-phinf.pstatic.net%2F20220120_150%2F1642660399542bqq6H_PNG%2F%25C1%25A6%25B8%25F1_%25BE%25F8%25C0%25BD-2.png,4.7,37.50633478913811,127.11814893023869,02  21473040,"서울특별시 송파구 오금로 247 (방이동, 건양빌딩)"
38,라이즈업 피티짐,https://search.pstatic.net/common/?autoRotate=true&type=w560_sharpen&src=https%3A%2F%2Fldb-phinf.pstatic.net%2F20190424_43%2F1556083153765bYKpo_JPEG%2FBJ5DXq4ETVzNJB6JFocGgcp8.jpg,,37.48292272911801,127.12284298557822,,"서울특별시 송파구 새말로 105 (문정동, 현석빌딩)"
39,큐이디골프아카데미 잠실점,https://search.pstatic.net/common/?autoRotate=true&quality=95&type=w750&src=https%3A%2F%2Fldb-phinf.pstatic.net%2F20220409_39%2F1649507837396yqOcU_JPEG%2F9D9FC56A-D0FC-48EA-80E6-0C0B17A0DF16.jpeg,,37.51800225742525,127.10151633788945,,"서울특별시 송파구 올림픽로35길 93, B2층 (신천동, 더샵스타리버)"
40,다이나믹 짐,https://search.pstatic.net/common/?autoRotate=true&type=w560_sharpen&src=https%3A%2F%2Fldb-phinf.pstatic.net%2F20220127_270%2F1643282960112mNw5L_PNG%2F%25B3%25D7%25C0%25CC%25B9%25F6_%25BB%25E7%25C1%25F8.png,,37.50990375664751,127.07685020289549,02-417-7670,"서울특별시 송파구 백제고분로7길 8-12 (잠실동, 승현빌딩)"
41,삼전W짐,https://search.pstatic.net/common/?autoRotate=true&type=w560_sharpen&src=https%3A%2F%2Fldb-phinf.pstatic.net%2F20160303_15%2F1456988455925jQQxO_JPEG%2F176175517062331_0.jpeg,,37.50380745343321,127.08612820374215,02-420-4378,"서울특별시 송파구 백제고분로 202 (삼전동, 두레빌딩)"
42,로그짐 잠실새내점,,4.99,37.510641771957324,127.08333681744926,,"서울특별시 송파구 석촌호수로 61, 상가동 B110호 (잠실동, 트리지움)"
43,Refresh PT Gym,https://search.pstatic.net/common/?autoRotate=true&type=w560_sharpen&src=https%3A%2F%2Fldb-phinf.pstatic.net%2F20160426_125%2F1461637766481X5Umo_JPEG%2F176371547870126_0.jpeg,,37.5047238216352,127.11578507852266,,"서울특별시 송파구 오금로32길 14, 101동 208-2호 (송파동, 송파삼성래미안아파트)"
44,MUTO FIT,https://search.pstatic.net/common/?autoRotate=true&type=w560_sharpen&src=https%3A%2F%2Fldb-phinf.pstatic.net%2F20160425_242%2F1461553276563Bl5Re_JPEG%2F176371593456320_0.jpeg,,37.51743791643555,127.10068733357093,,"서울특별시 송파구 올림픽로35가길 9, B01호 (신천동, 잠실 푸르지오 월드마크)"
45,리복크로스핏문정,https://search.pstatic.net/common/?autoRotate=true&type=w560_sharpen&src=https%3A%2F%2Fldb-phinf.pstatic.net%2F20200130_291%2F1580372342025edGfz_JPEG%2FMvO40OsxLToGjXBzuPg6Oyur.jpg,,37.489694899501515,127.12054201931376,02-402-7668,"서울특별시 송파구 동남로 108, 지하1층 1호 (문정동, 모즈아울렛)"
46,얼라인 프라이빗 짐,https://search.pstatic.net/common/?autoRotate=true&type=w560_sharpen&src=https%3A%2F%2Fldb-phinf.pstatic.net%2F20161219_62%2F1482114056465TdOLL_JPEG%2F177169515075724_0.jpeg,,37.50932602066191,127.1219850471003,02-423-1101,"서울특별시 송파구 마천로 35, 3호 (방이동, 태웅빌딩)"
47,Elite training center,,,37.515079931029305,127.11520098689053,,"서울특별시 송파구 위례성대로 52, 지하1층 (방이동)"
48,파크하비오휘트니스&골프,https://search.pstatic.net/common/?autoRotate=true&type=w560_sharpen&src=https%3A%2F%2Fldb-phinf.pstatic.net%2F20210611_164%2F1623384981888nJuSc_JPEG%2FgwFefeSNeSmID52Whba0n90k.jpg,4.12,37.48057450544021,127.1218796494621,02-6925-6922,"서울특별시 송파구 송파대로 111, 하비오길 중앙로 202동 202, B01호 (문정동, 파크하비오)"
49,운동케어짐,https://search.pstatic.net/common/?autoRotate=true&type=w560_sharpen&src=https%3A%2F%2Fldb-phinf.pstatic.net%2F20220112_96%2F1641994911728sYz1D_JPEG%2FCDCA6310-7C0F-469D-903E-742EB34AB6C4.jpeg,,37.50939021089791,127.12636921440597,,"서울특별시 송파구 양재대로72길 15, 상가2동 지하층 비101호 (오금동, 현대백조아파트)"
50,짐퍼스트 법조타운,https://search.pstatic.net/common/?autoRotate=true&type=w560_sharpen&src=https%3A%2F%2Fldb-phinf.pstatic.net%2F20190502_90%2F1556781927579yNUpl_JPEG%2Fsfsp_lQKKHTF2R_C1BvtfJra.jpg,,37.48541759415202,127.11727448516834,,"서울특별시 송파구 법원로 114 (문정동, 엠스테이트)"
51,무브 360,https://search.pstatic.net/common/?autoRotate=true&type=w560_sharpen&src=https%3A%2F%2Fldb-phinf.pstatic.net%2F20200107_143%2F1578358908350X4sI6_JPEG%2F4IuoTUpupgR3mIbBrseAp3Pb.jpg,4.78,37.51310115736578,127.10054319254533,02-2007-8546,"서울특별시 송파구 올림픽로 300, 6층 (신천동)"
52,서세환 짐,https://search.pstatic.net/common/?autoRotate=true&type=w560_sharpen&src=https%3A%2F%2Fldb-phinf.pstatic.net%2F20171220_161%2F1513740810213jcPWE_JPEG%2FiYy4sQFYLsDAhHEy1eCAdETL.jpg,,37.50679605036138,127.07738762695334,02-413-1340,"서울특별시 송파구 백제고분로 119, 덕원빌딩 지하1층 (잠실동)"
53,오하운 GYM,https://search.pstatic.net/common/?autoRotate=true&type=w560_sharpen&src=https%3A%2F%2Fldb-phinf.pstatic.net%2F20220715_30%2F1657855581221TF1MX_JPEG%2FKAKAOWORK_Share_2022_04_19_2.,4.88,37.508452332691796,127.10777943067663,,"서울특별시 송파구 백제고분로 419, 유정빌딩 지하1, 지상2층 (송파동)"
54,바디클락,https://search.pstatic.net/common/?autoRotate=true&type=w560_sharpen&src=https%3A%2F%2Fldb-phinf.pstatic.net%2F20180116_153%2F1516066420203aMlrh_JPEG%2FlhGn2wvR8NoLBwtpORo1Yqro.JPG.jpg,4.86,37.48076351384687,127.11835822164561,,"서울특별시 송파구 새말로 62, 송파 푸르지오시티 (문정동)"
55,아미부트캠프,https://search.pstatic.net/common/?autoRotate=true&type=w560_sharpen&src=https%3A%2F%2Fldb-phinf.pstatic.net%2F20220413_248%2F1649786224360qvBBY_JPEG%2F1649784049551.jpg,4.59,37.511450361667336,127.1048990761142,,"서울특별시 송파구 석촌호수로 296, 대성빌딩 (송파동)"
56,젠틀브로스짐,https://search.pstatic.net/common/?autoRotate=true&type=w560_sharpen&src=https%3A%2F%2Fldb-phinf.pstatic.net%2F20180129_183%2F1517216553584oc16T_JPEG%2Fzd5Q8ItZqUhP4h-64R4CNDGe.jpg,4,37.50679860880455,127.09138411011857,02-418-0111,"서울특별시 송파구 석촌호수로 156, 삼전동썬프라자 (삼전동)"
57,이모션 짐,https://search.pstatic.net/common/?autoRotate=true&type=w560_sharpen&src=https%3A%2F%2Fldb-phinf.pstatic.net%2F20190313_220%2F1552462540109XhNQO_PNG%2F7UPy66rmrIpJANPoRsba4i-T.png,,37.51052851526166,127.07650432123346,070-8801-2510,서울특별시 송파구 백제고분로7길 3 (잠실동)
58,아이디얼바디(IDEAL BODY),https://search.pstatic.net/common/?autoRotate=true&type=w560_sharpen&src=https%3A%2F%2Fldb-phinf.pstatic.net%2F20220303_246%2F1646255739483LCmwH_JPEG%2FScreenshot_20220303-061513_Gallery.jpg,,37.516535251448005,127.11136439541023,,"서울특별시 송파구 위례성대로 18, 금복빌딩 (방이동)"
59,바디퍼포먼스짐,https://search.pstatic.net/common/?autoRotate=true&type=w560_sharpen&src=https%3A%2F%2Fldb-phinf.pstatic.net%2F20220616_119%2F1655367622646FKvu5_JPEG%2F%25BB%25E7%25BA%25BB_-%25B9%25D9%25B5%25F0%25C6%25DB%25C6%25F7%25B8%25D5%25BD%25BA_%25B7%25CE%25B0%25ED.jpg,,37.4973470294847,127.13048496728953,02-402-3999,"서울특별시 송파구 동남로 234, 진넥스베르디엠 2층 (가락동)"
60,크로스핏 힙스터 (Crossfit Hipster),https://search.pstatic.net/common/?autoRotate=true&type=w560_sharpen&src=https%3A%2F%2Fldb-phinf.pstatic.net%2F20211116_52%2F1636999652618UCRol_PNG%2F14281BD8-497B-457D-8611-F81F79F57275.png,,37.48629692606667,127.12927968900615,,"서울특별시 송파구 새말로 177, MK빌딩 (문정동)"
61,스포웰짐,https://search.pstatic.net/common/?autoRotate=true&type=w560_sharpen&src=https%3A%2F%2Fldb-phinf.pstatic.net%2F20180619_271%2F1529406685413xOLba_JPEG%2FQJ1AZ3MdAcoRy6snX69Tbu1H.jpg,4.64,inf,inf,,"서울특별시 송파구 법원로 128, 문정에스케이브이원지엘메트로시티 (문정동)"
62,DOUBLE S GYM,,4.98,37.51133283319916,127.109611056345,02-414-7582,"서울특별시 송파구 백제고분로 455, 성보빌딩 2층 (방이동)"
63,리키PT STUDIO,https://search.pstatic.net/common/?autoRotate=true&type=w560_sharpen&src=https%3A%2F%2Fldb-phinf.pstatic.net%2F20180912_202%2F1536720738316okVlE_JPEG%2F846XKHlUqr3rq1_0K_mei1cH.jpg,,inf,inf,,"서울특별시 송파구 법원로4길 6, 문정아이파크 3층 (문정동)"
64,GREEN DAY GYM,https://search.pstatic.net/common/?autoRotate=true&type=w560_sharpen&src=https%3A%2F%2Fldb-phinf.pstatic.net%2F20190930_31%2F1569819593113GQO0H_JPEG%2FXR4JrZDu2fis05l3m9v_t8iY.jpg,,37.50374389845264,127.08635137782667,,"서울특별시 송파구 백제고분로 204, 에스엔씨빌딩 (삼전동)"
65,삼손헬스,https://search.pstatic.net/common/?autoRotate=true&type=w560_sharpen&src=https%3A%2F%2Fldb-phinf.pstatic.net%2F20190209_102%2F1549709277140fhvLE_PNG%2F10l9Bdsqk1r_STPriquAin2O.png,,37.50679652333534,127.08757936856388,02-419-9908,서울특별시 송파구 삼전로 96 (삼전동)
66,The third Place,https://search.pstatic.net/common/?autoRotate=true&type=w560_sharpen&src=https%3A%2F%2Fldb-phinf.pstatic.net%2F20220705_118%2F1657004953999tnvac_JPEG%2FKakaoTalk_20220210_163931707_01.jpg,,37.50351932158633,127.08576337238178,,"서울특별시 송파구 백제고분로22길 4-11, 지하1층 (삼전동)"
67,채움 P.T,https://search.pstatic.net/common/?autoRotate=true&type=w560_sharpen&src=https%3A%2F%2Fldb-phinf.pstatic.net%2F20180718_99%2F153189157404469GEF_JPEG%2Fnq8jFPEq08kliqlbiYojbVLU.jpg,,37.48662894303911,127.12701149643541,,"서울특별시 송파구 송이로30길 19, 201호 (문정동, 형정빌딩)"
68,Move Gym,https://search.pstatic.net/common/?autoRotate=true&type=w560_sharpen&src=https%3A%2F%2Fldb-phinf.pstatic.net%2F20220404_17%2F1649024535789arKHX_JPEG%2FDSC02389.,,37.51097962095428,127.10706505210172,,"서울특별시 송파구 오금로 136, 청양빌딩 (송파동)"
69,나비드짐,https://search.pstatic.net/common/?autoRotate=true&type=w560_sharpen&src=https%3A%2F%2Fldb-phinf.pstatic.net%2F20220408_104%2F1649411587127BaO2g_JPEG%2FKakaoTalk_20220408_185242958.jpg,4.68,37.48135604610795,127.14004975969571,024079422,"서울특별시 송파구 위례광장로 200, 에스비트램스퀘어 10층 (장지동)"
70,더블에스휘트니스,https://search.pstatic.net/common/?autoRotate=true&type=w560_sharpen&src=https%3A%2F%2Fldb-phinf.pstatic.net%2F20211110_11%2F1636542269221vFlwY_JPEG%2Fakz_8Bn1gj5x8xAmz-r2vNKs.jpeg.jpg,4.71,37.48114966671447,127.1393370914608,,"서울특별시 송파구 위례광장로 188, 아이온스퀘어 (장지동)"
71,더 메이트,https://search.pstatic.net/common/?autoRotate=true&type=w560_sharpen&src=https%3A%2F%2Fldb-phinf.pstatic.net%2F20200417_206%2F1587104739612y6HWw_JPEG%2Fimage.jpg,4.76,inf,inf,400-1907,"서울특별시 송파구 법원로4길 10, 힐스테이트에코문정 2층 218,219,215호 (문정동)"
72,커브스 석촌클럽,https://search.pstatic.net/common/?autoRotate=true&type=w560_sharpen&src=https%3A%2F%2Fldb-phinf.pstatic.net%2F20210312_40%2F1615508708489uL8nE_PNG%2FTGfDnNuTRTzO_KiU7RNJtYla.png,,37.49936698652504,127.09942074610386,423-7330,"서울특별시 송파구 가락로 54, 5층 (석촌동)"
73,박제성 운동케어 CHI & FIT 퍼스널 트레이닝,https://search.pstatic.net/common/?autoRotate=true&type=w560_sharpen&src=https%3A%2F%2Fldb-phinf.pstatic.net%2F20190903_205%2F1567509337629teShC_PNG%2F5GCgNC7sbigDhp9AyzQcZvpL.png,,37.494093009506265,127.13996574627939,02-6954-6914,"서울특별시 송파구 오금로 483, 거여정형외과 5층 (거여동)"
74,라이트짐,https://search.pstatic.net/common/?autoRotate=true&type=w560_sharpen&src=https%3A%2F%2Fldb-phinf.pstatic.net%2F20200808_160%2F1596862270142C316L_PNG%2FAr55wzYu_dPFY_Q8Bw0D4Mr8.png,4.98,37.50653299004586,127.11814769848317,02-424-9682,"서울특별시 송파구 오금로31길 3, 우성빌딩 지하층 (방이동)"
75,올바로 짐,https://search.pstatic.net/common/?autoRotate=true&type=w560_sharpen&src=https%3A%2F%2Fldb-phinf.pstatic.net%2F20200715_7%2F1594799161332e4wcS_PNG%2FmXNOcGK_TuYGTrCYCyDvyHYi.png,,37.48416822015839,127.11423106695159,,"서울특별시 송파구 법원로9길 26, 에이치비지니스파크 c동 지하층 112~119호 (문정동)"
76,트윈짐,https://search.pstatic.net/common/?autoRotate=true&type=w560_sharpen&src=https%3A%2F%2Fldb-phinf.pstatic.net%2F20220426_248%2F1650959111188jjm6j_JPEG%2F0724CB2A-D4B8-4959-B4C2-F13E74805A60.jpeg,5,37.50752215107788,127.12631859697547,,"서울특별시 송파구 마천로 79, 장한빌딩 4층 (오금동)"
77,가디언 오브 갤럭시 PT,https://search.pstatic.net/common/?autoRotate=true&type=w560_sharpen&src=https%3A%2F%2Fldb-phinf.pstatic.net%2F20191105_269%2F1572959979586sEjGp_JPEG%2F4G9wRbE_rO26SmoI-_w7X6ge.jpg,,37.51210569660913,127.08129781896768,,"서울특별시 송파구 올림픽로 119, 잠실파인애플상가 5층 5비 11호 (잠실동)"
78,페인스톰 잠실,https://search.pstatic.net/common/?autoRotate=true&type=w560_sharpen&src=https%3A%2F%2Fldb-phinf.pstatic.net%2F20191220_69%2F1576817129151I58SE_PNG%2F9pM00Xx7Jf2aeEo6h9AUEq2A.png,4.94,37.51147228916074,127.07881076570992,02-415-1477,"서울특별시 송파구 올림픽로 100, 효창타워 지하1층 (잠실동)"
79,와이낫짐,https://search.pstatic.net/common/?autoRotate=true&type=w560_sharpen&src=https%3A%2F%2Fldb-phinf.pstatic.net%2F20200130_34%2F15803669221901zaPq_JPEG%2F4P2dRMD439NyMjcVYEMUPCg_.jpg,,37.506146559072896,127.08575086088669,,"서울특별시 송파구 삼전로9길 5-2, 지하층 B01호 (잠실동)"
80,로그짐 방이점,https://search.pstatic.net/common/?autoRotate=true&type=w560_sharpen&src=https%3A%2F%2Fldb-phinf.pstatic.net%2F20220516_151%2F1652690440056cKAbG_JPEG%2FKakaoTalk_20220516_113101768.jpg,4.94,37.50888851288063,127.1239341926758,,"서울특별시 송파구 마천로5길 6, 가송빌딩 7층 (오금동)"
81,바디랩그룹트레이닝&PT,https://search.pstatic.net/common/?autoRotate=true&type=w560_sharpen&src=https%3A%2F%2Fldb-phinf.pstatic.net%2F20211220_113%2F1639963673751kgMqO_PNG%2F%25C0%25DA%25BC%25BC%25B0%25B3%25BC%25B1%25BA%25CE%25C5%25CD%25B4%25D9%25C0%25CC%25BE%25EE%25C6%25AE%25B1%25EE%25C1%25F6.png,4.75,37.518884947913484,127.0963904851533,,"서울특별시 송파구 올림픽로35길 104, 2, 3층 (신천동, 장미아파트)"
82,Body Atelier,https://search.pstatic.net/common/?autoRotate=true&type=w560_sharpen&src=https%3A%2F%2Fldb-phinf.pstatic.net%2F20200314_178%2F1584176034603gOvdV_JPEG%2FcKzZCbax-yQi6blYXh5-m_Zc.jpg,,inf,inf,,"서울특별시 송파구 위례순환로 478, 센트라포레 1101호 (장지동)"
83,팀크레모아,https://search.pstatic.net/common/?autoRotate=true&type=w560_sharpen&src=https%3A%2F%2Fldb-phinf.pstatic.net%2F20200318_251%2F1584512921504XCqNN_JPEG%2FfeYFRLL3KLYHtComwPLdvbXU.jpeg.jpg,,37.50557823121606,127.08776504263973,,"서울특별시 송파구 백제고분로21길 20, 지하1층 (삼전동)"
84,카이로 바른 척추교정,https://search.pstatic.net/common/?autoRotate=true&type=w560_sharpen&src=https%3A%2F%2Fldb-phinf.pstatic.net%2F20160422_36%2F1461306966579Xfp5d_JPEG%2F176372556625511_0.jpeg,,37.507579503039054,127.08957671685067,,"서울특별시 송파구 석촌호수로 135, 레이크팰리스 3층 310호 (잠실동)"
85,테라피티,https://search.pstatic.net/common/?autoRotate=true&type=w560_sharpen&src=https%3A%2F%2Fldb-phinf.pstatic.net%2F20220628_53%2F16563932320999liEo_JPEG%2F1656391691862-0.jpg,4.9,inf,inf,,"서울특별시 송파구 법원로4길 5, 송파법조타운푸르지오 지하1층 B135호 (문정동)"
86,트레이닝 메이트,https://search.pstatic.net/common/?autoRotate=true&type=w560_sharpen&src=https%3A%2F%2Fldb-phinf.pstatic.net%2F20200515_144%2F1589507663679FiQL7_JPEG%2FDV0BIFzLcDxAJO-rigsAhepN.jpg,,37.50768289460717,127.08184910329733,,"서울특별시 송파구 삼전로13길 51, 유니크빌 지하1층 (잠실동)"
87,아머피티샵,https://search.pstatic.net/common/?autoRotate=true&type=w560_sharpen&src=https%3A%2F%2Fldb-phinf.pstatic.net%2F20220615_250%2F1655293827932axtAT_PNG%2F%25BE%25C6%25B8%25D3%25B7%25CE%25B0%25ED.png,4.91,37.50752337954286,127.08664151166582,,"서울특별시 송파구 석촌호수로 114, 지하1층 (잠실동)"
88,머슬 하우스,https://search.pstatic.net/common/?autoRotate=true&type=w560_sharpen&src=https%3A%2F%2Fldb-phinf.pstatic.net%2F20200810_54%2F1597054884811AXeN0_PNG%2FrOL3LVbHuymIX17XHSi6nYdU.png,,37.50772012705431,127.10491978814647,,서울특별시 송파구 백제고분로41길 18 (송파동)
89,세렌디PT&Pilates,https://search.pstatic.net/common/?autoRotate=true&type=w560_sharpen&src=https%3A%2F%2Fldb-phinf.pstatic.net%2F20201027_240%2F1603771919844uc3SL_JPEG%2FyBz2TaFaa07N83Ojx2IHjlaM.jpeg.jpg,4.88,37.50562468297321,127.10344605314269,,"서울특별시 송파구 송파대로 437, 덕일빌딩 (석촌동)"
90,휘트니스 플레이스(Fitness Place),https://search.pstatic.net/common/?autoRotate=true&type=w560_sharpen&src=https%3A%2F%2Fldb-phinf.pstatic.net%2F20200829_172%2F1598682432156YXWvF_JPEG%2FwQKJCiJmqJ6gwLTWBtnpskqu.jpg,4.87,37.47724324973239,127.12451410203948,,"서울특별시 송파구 충민로2길 28, 대진플라자2 2층 201, 202, 203호 (장지동)"
91,코드엠 트레이닝,https://search.pstatic.net/common/?autoRotate=true&type=w560_sharpen&src=https%3A%2F%2Fldb-phinf.pstatic.net%2F20201008_231%2F1602136798562IDqBp_JPEG%2Fzeqpbv82YfygW59QnjvTf1It.jpg,4.98,37.506642632689136,127.1257229760152,,"서울특별시 송파구 마천로8길 21, 지하1층 (오금동)"
92,에스바디짐,https://search.pstatic.net/common/?autoRotate=true&type=w560_sharpen&src=https%3A%2F%2Fldb-phinf.pstatic.net%2F20220102_209%2F1641133384655FjX72_JPEG%2FIMG_3795.jpg,5,37.50235969071045,127.10900739031204,02-422-2718,"서울특별시 송파구 가락로 144, 송파 린 3층 (송파동)"
93,애니타임피트니스 송파동점,https://search.pstatic.net/common/?autoRotate=true&type=w560_sharpen&src=https%3A%2F%2Fldb-phinf.pstatic.net%2F20220503_163%2F1651543254143P4woC_JPEG%2F1.jpg,4.77,37.5068333094614,127.11300257037675,,"서울특별시 송파구 가락로 205, 송림빌딩 1층 (송파동)"
94,테라피티,https://search.pstatic.net/common/?autoRotate=true&type=w560_sharpen&src=https%3A%2F%2Fldb-phinf.pstatic.net%2F20201030_51%2F1604022508187QKFok_JPEG%2FHcfeClhxWYSphr7ZDMcQwrZB.jpg,,37.506889404659184,127.09027842188402,,"서울특별시 송파구 석촌호수로 146, 지하1층 (삼전동)"
95,밸류짐,https://search.pstatic.net/common/?autoRotate=true&type=w560_sharpen&src=https%3A%2F%2Fldb-phinf.pstatic.net%2F20210304_233%2F1614837316074AJvng_JPEG%2FPYhmZMIGkwTxMfiMoHOEhZNg.jpg,,37.49583683183737,127.11595767619662,,"서울특별시 송파구 중대로9길 30, 다보빌딩 (가락동)"
96,스파인랩,https://search.pstatic.net/common/?autoRotate=true&type=w560_sharpen&src=https%3A%2F%2Fldb-phinf.pstatic.net%2F20201111_81%2F1605080670442AFPuW_JPEG%2Fnbz-v5Fedz4vJWxN0P0eQm2_.jpg,,inf,inf,,"서울특별시 송파구 법원로4길 5, 송파법조타운푸르지오 (문정동)"
97,피크닉짐,https://search.pstatic.net/common/?autoRotate=true&type=w560_sharpen&src=https%3A%2F%2Fldb-phinf.pstatic.net%2F20201118_175%2F1605625874699RkRrY_JPEG%2FUIis3lFuajmn3KyOCcJMqjRP.jpg,5,37.50983129348088,127.11487241044377,,"서울특별시 송파구 가락로 241, ING파크뷰 2층 (방이동)"
98,헬스보이짐 잠실점,https://search.pstatic.net/common/?autoRotate=true&type=w560_sharpen&src=https%3A%2F%2Fldb-phinf.pstatic.net%2F20210316_263%2F1615884456006FsKea_JPEG%2FOWMxiSBvvtcu0su8rj9YjRwM.jpg,4.77,37.51128661020394,127.09504902014581,,"서울특별시 송파구 올림픽로 240, 롯데월드 6층 6층 (잠실동)"
99,스포니스 잠실새내점,https://search.pstatic.net/common/?autoRotate=true&type=w560_sharpen&src=https%3A%2F%2Fldb-phinf.pstatic.net%2F20220516_88%2F1652680697405xa1AS_JPEG%2FKakaoTalk_20220516_145733945.jpg,4.97,37.51011783690079,127.08042185618312,02-422-1509,"서울특별시 송파구 올림픽로12길 17, 지하 1층 (잠실동)"
100,PT스튜디오 건강한 사람들,https://search.pstatic.net/common/?autoRotate=true&type=w560_sharpen&src=https%3A%2F%2Fldb-phinf.pstatic.net%2F20201218_129%2F160827090785735pA4_JPEG%2F1BKT1dLXQHSURj4xrEB3t6U5.JPG.jpg,4.73,37.50206406767614,127.1079434348068,,"서울특별시 송파구 가락로 134, 지하1층 1호 (송파동)"
101,플랜비휘트니스,https://search.pstatic.net/common/?autoRotate=true&type=w560_sharpen&src=https%3A%2F%2Fldb-phinf.pstatic.net%2F20220613_254%2F1655109120992mCkaQ_JPEG%2FKakaoTalk_20210609_145053255.jpg,4.85,37.501051885907614,127.13466427044791,,"서울특별시 송파구 동남로 286, 영재사관학원 3층 (오금동)"
102,로하핏 스튜디오,https://search.pstatic.net/common/?autoRotate=true&type=w560_sharpen&src=https%3A%2F%2Fldb-phinf.pstatic.net%2F20210403_125%2F1617461331042hClSz_JPEG%2FASP5Qg09oZrBQzr4gU7_w3mQ.jpg,4.98,37.485172136106094,127.11943366316514,,"서울특별시 송파구 송파대로 167, 문정역테라타워 B1층 G154호 (문정동)"
103,머스트무브짐 PT&Pilates 잠실새내 4호점,https://search.pstatic.net/common/?autoRotate=true&type=w560_sharpen&src=https%3A%2F%2Fldb-phinf.pstatic.net%2F20220112_120%2F1641962505331PGojX_JPEG%2F2.jpg,5,37.51143177929265,127.07988216929392,02-419-0228,"서울특별시 송파구 올림픽로 108, 맥스빌딩 10층 (잠실동)"
104,테디피트니스 방이점,https://search.pstatic.net/common/?autoRotate=true&type=w560_sharpen&src=https%3A%2F%2Fldb-phinf.pstatic.net%2F20211206_67%2F1638760607885EHjoe_PNG%2F20210629_145047.png,5,37.51366715529466,127.10594842175172,,"서울특별시 송파구 올림픽로32길 22-13, 지층 2호 (방이동)"
105,로그짐 잠실역점,,4.95,37.515155424344286,127.0996107387612,02-417-9682,"서울특별시 송파구 올림픽로 293-19, 305, 306, 307호 (신천동, 현대타워아파트)"
106,MILO GYM,https://search.pstatic.net/common/?autoRotate=true&type=w560_sharpen&src=https%3A%2F%2Fldb-phinf.pstatic.net%2F20220122_271%2F1642828345258RXubA_JPEG%2FKakaoTalk_20220122_141143226.jpg,,37.5034412970938,127.09572882918998,,"서울특별시 송파구 삼학사로14길 15, 2층 (석촌동)"
107,라곰 트레이닝,https://search.pstatic.net/common/?autoRotate=true&type=w560_sharpen&src=https%3A%2F%2Fldb-phinf.pstatic.net%2F20210525_86%2F1621942111195aPgRa_JPEG%2Fw41kBMpkG0ZU7pCZTX-uRhif.jpg,4.92,37.50653423255672,127.10262046184582,,"서울특별시 송파구 송파대로 451, 지층 (석촌동)"
108,로그짐 올림픽공원점,https://search.pstatic.net/common/?autoRotate=true&type=w560_sharpen&src=https%3A%2F%2Fldb-phinf.pstatic.net%2F20220708_227%2F1657281401406XawWj_JPEG%2FKakaoTalk_20220708_205310420.jpg,5,37.52027976572574,127.11026902153725,02-416-9682,"서울특별시 송파구 올림픽로35길 10, 제비동 2층 207호 (신천동, 파크리오)"
109,엠알티핏 잠실점,https://search.pstatic.net/common/?autoRotate=true&type=w560_sharpen&src=https%3A%2F%2Fldb-phinf.pstatic.net%2F20220303_134%2F1646303151798FE8L3_JPEG%2F20220303_192451_962.jpg,4.96,37.50513953676792,127.0837907500494,02-3431-2749,"서울특별시 송파구 백제고분로19길 4, 뜨레피움2차 지1층 비01호 (잠실동)"
110,V therapy 안티에이징센터,https://search.pstatic.net/common/?autoRotate=true&type=w560_sharpen&src=https%3A%2F%2Fldb-phinf.pstatic.net%2F20210616_8%2F1623839046682XqEUL_JPEG%2FZSoBKwODQgD3FylMUh4o0bqI.jpg,,37.50718109553769,127.11321685023766,070-4121-7575,"서울특별시 송파구 가락로 209, 사이언스빌딩 4층 (송파동)"
111,지금부터 핏,https://search.pstatic.net/common/?autoRotate=true&type=w560_sharpen&src=https%3A%2F%2Fldb-phinf.pstatic.net%2F20210717_263%2F1626499434540NoLWb_JPEG%2F4.jpg,,37.5071444428932,127.08910897242085,,"서울특별시 송파구 석촌호수로 134, 4층 (삼전동)"
112,THE JUNG FIT,https://search.pstatic.net/common/?autoRotate=true&type=w560_sharpen&src=https%3A%2F%2Fldb-phinf.pstatic.net%2F20210709_145%2F1625799098172RCIEq_JPEG%2FyadvVpxNPJaoMlTNrMA92vpG.jpeg.jpg,,37.50858260452614,127.10343454159816,,"서울특별시 송파구 백제고분로41길 33, 티에스티빌딩 지하1층 (송파동)"
113,바디 매니지먼트,https://search.pstatic.net/common/?autoRotate=true&type=w560_sharpen&src=https%3A%2F%2Fldb-phinf.pstatic.net%2F20210715_233%2F1626341065697p2U87_JPEG%2FSXnSdnMadxXXdh6C2o-eNPV-.jpg,,37.50122980544156,127.10534756178652,,"서울특별시 송파구 가락로 110, 3층 (석촌동)"
114,나홀로짐에,,,inf,inf,,"서울특별시 송파구 정의로7길 13, 힐스테이트에코송파 1층 114호 (문정동)"
115,효 GYM 3호점,https://search.pstatic.net/common/?autoRotate=true&type=w560_sharpen&src=https%3A%2F%2Fldb-phinf.pstatic.net%2F20210724_71%2F16271244240046HvSN_JPEG%2FLXopB5PNGowlTT2LoxEJHxfH.png.jpg,,37.504183805884594,127.08990874271194,,"서울특별시 송파구 백제고분로27길 11, 2층 (삼전동)"
116,행복한휘트니스,https://search.pstatic.net/common/?autoRotate=true&type=w560_sharpen&src=https%3A%2F%2Fldb-phinf.pstatic.net%2F20220217_197%2F164507228529836USj_JPEG%2FBB9EA3AF-143F-43C2-B112-3A82124B8ED7.jpeg,5,37.48352433211331,127.11842474225605,02-403-8887,"서울특별시 송파구 법원로 90, 파트너스2 B103, 104호 (문정동)"
117,데일리 피트니스&필라테스,https://search.pstatic.net/common/?autoRotate=true&type=w560_sharpen&src=https%3A%2F%2Fldb-phinf.pstatic.net%2F20211110_281%2F1636530936863DTF1a_JPEG%2FRJa4DS9HjNrZbrML4w29e6F8.jpg,4.63,37.49518267657036,127.14806820227393,,"서울특별시 송파구 마천로 315, 지하1~20호 (마천동, 현대그린빌)"
118,어나더 필라테스 라운지,https://search.pstatic.net/common/?autoRotate=true&type=w560_sharpen&src=https%3A%2F%2Fldb-phinf.pstatic.net%2F20210915_141%2F1631692283633c5UTm_JPEG%2FddpBciYmavf79FCe0eHWwbfp.jpg,,37.50377797621136,127.1161175693933,02-417-9993,"서울특별시 송파구 오금로32길 30, 2층 (송파동)"
119,피티찬스,https://search.pstatic.net/common/?autoRotate=true&type=w560_sharpen&src=https%3A%2F%2Fldb-phinf.pstatic.net%2F20211026_58%2F1635177258397SE4lE_JPEG%2FimCrDJH0dsLTHf8ln7djJvsZ.jpeg.jpg,,37.50150931903677,127.10938410432387,,"서울특별시 송파구 송파대로38길 15, 지하1층 (송파동)"
120,F45 트레이닝 잠실,https://search.pstatic.net/common/?autoRotate=true&type=w560_sharpen&src=https%3A%2F%2Fldb-phinf.pstatic.net%2F20211031_266%2F1635658965707TgrlG_JPEG%2FraDf039XjyXKojbO6IDct5F-.jpeg.jpg,,37.51510932010715,127.09684791727004,,"서울특별시 송파구 송파대로 558, 월드타워빌딩 지하1층 (신천동)"
121,피지컬 액티브짐(3호점),https://search.pstatic.net/common/?autoRotate=true&type=w560_sharpen&src=https%3A%2F%2Fldb-phinf.pstatic.net%2F20211026_33%2F16352359521553trDc_JPEG%2F33qTJfYbUZV6onRqdXcxR2eQ.jpg,,37.51588563307602,127.10874354748648,02-423-1233,"서울특별시 송파구 오금로11길 43, 잠실 트리움 2층 202호 (방이동)"
122,피트니스 신,https://search.pstatic.net/common/?autoRotate=true&type=w560_sharpen&src=https%3A%2F%2Fldb-phinf.pstatic.net%2F20211109_244%2F1636449490821wBDs6_JPEG%2FrYDMZ1ySH5qdRZzTkBDQf6pW.jpg,,inf,inf,02-403-6963,"서울특별시 송파구 위례송파로 123, 상가1동 105호 (거여동, 위례포레샤인 17단지)"
123,매직바디짐,https://search.pstatic.net/common/?autoRotate=true&type=w560_sharpen&src=https%3A%2F%2Fldb-phinf.pstatic.net%2F20211227_206%2F1640592696293d7n5w_JPEG%2FKakaoTalk_20211227_165547890_02.jpg,,37.510929255823314,127.08075374125796,,"서울특별시 송파구 백제고분로7길 41, 402호 (잠실동, NS파인트리)"
124,크로스핏하운드,https://search.pstatic.net/common/?autoRotate=true&type=w560_sharpen&src=https%3A%2F%2Fldb-phinf.pstatic.net%2F20210916_106%2F1631795217184Yydxe_JPEG%2F9zxs6J0qRewfYWRqsp-LdJTX.jpg,4.97,37.49187908348643,127.12262303270832,,"서울특별시 송파구 송이로 166, 지하101호호 (가락동, 가락우성2차아파트)"
125,필짐,https://search.pstatic.net/common/?autoRotate=true&type=w560_sharpen&src=https%3A%2F%2Fldb-phinf.pstatic.net%2F20220711_197%2F1657541934025w8uWd_PNG%2F%25C0%25CE%25BD%25BA%25C5%25B8%25BE%25F7%25B7%25CE%25B5%25E5-001.png,,37.53868675325378,127.11945272050093,,"서울특별시 송파구 천호대로 992, 4층 (풍납동)"
126,리핏바디짐 삼전점,https://search.pstatic.net/common/?autoRotate=true&type=w560_sharpen&src=https%3A%2F%2Fldb-phinf.pstatic.net%2F20211210_275%2F1639103873389VBelP_JPEG%2FKakaoTalk_20211209_185211508_03.jpg,,37.502350456501105,127.09164669357995,02-6734-8800,"서울특별시 송파구 백제고분로 254, 5층 502호 (삼전동)"
127,바디소울짐,https://search.pstatic.net/common/?autoRotate=true&type=w560_sharpen&src=https%3A%2F%2Fldb-phinf.pstatic.net%2F20211215_65%2F1639557721423l74V9_JPEG%2FD3D08E95-1753-4793-B10A-4F078C7C4169.jpeg,,37.48728405893389,127.11948210052824,,"서울특별시 송파구 송파대로22길 4, 해성빌딩 3층 (문정동)"
128,BTY GYM,https://search.pstatic.net/common/?autoRotate=true&type=w560_sharpen&src=https%3A%2F%2Fldb-phinf.pstatic.net%2F20220609_47%2F1654763794275kfbIi_JPEG%2FKakaoTalk_20220605_133802682_01.jpg,,37.50563094750439,127.07971727116674,02-6402-1380,"서울특별시 송파구 백제고분로 142, 지층 02호 (잠실동)"
129,스케일짐,https://search.pstatic.net/common/?autoRotate=true&type=w560_sharpen&src=https%3A%2F%2Fldb-phinf.pstatic.net%2F20220115_154%2F1642230035487TtFSY_JPEG%2FKakaoTalk_20220115_154150458_08.jpg,,37.48114966671447,127.1393370914608,,"서울특별시 송파구 위례광장로 188, 아이온스퀘어 219,220호 (장지동)"
130,배럴스트렝스,https://search.pstatic.net/common/?autoRotate=true&type=w560_sharpen&src=https%3A%2F%2Fldb-phinf.pstatic.net%2F20220324_73%2F1648099571801ElM6r_JPEG%2FKakaoTalk_20220323_130435850.jpg,,37.518884947913484,127.0963904851533,,"서울특별시 송파구 올림픽로35길 112, 장미아파트 비상가 2동 403호 (신천동)"
131,키워GYM,https://search.pstatic.net/common/?autoRotate=true&type=w560_sharpen&src=https%3A%2F%2Fldb-phinf.pstatic.net%2F20220228_134%2F1646027847429Oqtlh_JPEG%2FEE400F35-C552-41B7-B709-1042607F5EC9.jpeg,,37.50502698324843,127.0818406891216,,"서울특별시 송파구 백제고분로 162, 대양빌딩 지하1층 (잠실동)"
132,스포니스 방이점,https://search.pstatic.net/common/?autoRotate=true&type=w560_sharpen&src=https%3A%2F%2Fldb-phinf.pstatic.net%2F20220321_64%2F1647846294867BsPSm_JPEG%2FKakaoTalk_20220309_135920130.jpg,,37.509107311068334,127.122880546895,,"서울특별시 송파구 위례성대로18길 31-20, MIK TOWER 지하1층 (방이동)"
133,로그짐 송파나루점,https://search.pstatic.net/common/?autoRotate=true&type=w560_sharpen&src=https%3A%2F%2Fldb-phinf.pstatic.net%2F20220404_33%2F1649059281954SYh1q_JPEG%2FKakaoTalk_20210715_165942974_04.jpg,,37.51208233338426,127.1107638938627,,"서울특별시 송파구 백제고분로 468, 금복빌딩 4층 (방이동)"
134,테디피트니스 문정점,https://search.pstatic.net/common/?autoRotate=true&type=w560_sharpen&src=https%3A%2F%2Fldb-phinf.pstatic.net%2F20220329_288%2F1648483849483FDypn_JPEG%2FKakaoTalk_20220217_015533455.jpg,,37.48014762950426,127.12376175346968,,"서울특별시 송파구 새말로8길 30, 지하1층 (문정동)"
135,리핏바디짐 방이점,https://search.pstatic.net/common/?autoRotate=true&type=w560_sharpen&src=https%3A%2F%2Fldb-phinf.pstatic.net%2F20220718_102%2F1658105863113F3IqS_JPEG%2F5%25B8%25B8%25BF%25F8.jpg,,37.514278121460954,127.1123697952369,02-6483-8800,"서울특별시 송파구 백제고분로50길 4, 3층 (방이동)"
136,머스트무브짐,https://search.pstatic.net/common/?autoRotate=true&type=w560_sharpen&src=https%3A%2F%2Fldb-phinf.pstatic.net%2F20220112_120%2F1641962505331PGojX_JPEG%2F2.jpg,5,37.51143177929265,127.07988216929392,02-419-0228,"서울특별시 송파구 올림픽로 108, 맥스빌딩 10층 (잠실동)"
137,로그짐 송파역점,https://search.pstatic.net/common/?autoRotate=true&type=w560_sharpen&src=https%3A%2F%2Fldb-phinf.pstatic.net%2F20220708_273%2F1657284959663WBvN9_JPEG%2FKakaoTalk_20220708_144607180.jpg,,37.49840869573406,127.10438589984147,02-575-9682,"서울특별시 송파구 송파대로 345, 1A동 3058~3059호 (가락동, 헬리오시티)"
138,라고,https://search.pstatic.net/common/?autoRotate=true&type=w560_sharpen&src=https%3A%2F%2Fldb-phinf.pstatic.net%2F20190401_41%2F15540871132362RDne_JPEG%2F4ufisa7oZPiQl0lUKQ3H-bX3.JPG.jpg,4.45,37.50652819013216,127.09317837223601,,"서울특별시 송파구 석촌호수로 172, 정한빌딩 지하1층 (삼전동)"
139,피티바이패스,,,37.512284610937996,127.1061594066955,,"서울특별시 송파구 오금로15길 5, 송파빌딩 지하1층 (방이동)"
