﻿id,name,img,grade,lat,lng,phoneNumber,address
0,한스남여헬스타운,https://search.pstatic.net/common/?autoRotate=true&type=w560_sharpen&src=https%3A%2F%2Fldb-phinf.pstatic.net%2F20180808_132%2F1533713068239tu9w6_JPEG%2FwVcDiCkqEK0apo9R0cq6Vq-a.jpg,,37.6139089975296,127.03952239280792,982-1497,서울특별시 성북구 장위로 52  (장위동)
1,업타운 휘트니스,https://search.pstatic.net/common/?autoRotate=true&type=w560_sharpen&src=https%3A%2F%2Fldb-phinf.pstatic.net%2F20220713_275%2F1657691832140mJzWP_JPEG%2F%25BE%25F7%25C5%25B8%25BF%25EE%25C8%25D6%25C6%25AE%25B4%25CF%25BD%25BA.jpg,4.82,37.59133337673002,127.01614767573665,926-7172,"서울특별시 성북구 보문로34길 69, 201호 (동선동1가,창천빌딩)"
2,올리브짐,https://search.pstatic.net/common/?autoRotate=true&type=w560_sharpen&src=https%3A%2F%2Fldb-phinf.pstatic.net%2F20150831_204%2F1441025594200RBbxV_JPEG%2FSUBMIT_1413883954937_19978160.jpg,4.06,37.593317705987474,127.01529970539227,953-7189,"서울특별시 성북구 동소문로 118 (동선동1가,플라밍스타워B2)"
3,TLC휘트니스센타,https://search.pstatic.net/common/?autoRotate=true&quality=95&type=w750&src=https%3A%2F%2Fldb-phinf.pstatic.net%2F20200628_257%2F1593352512842yOSGM_JPEG%2F8U7gv3Sgg4jz_UgrMRBDwxpt.jpg,,37.60453301046491,127.03415989478816,,"서울특별시 성북구 오패산로 25, 5,6층 (하월곡동)"
4,시티짐 시그니처,https://search.pstatic.net/common/?autoRotate=true&type=w560_sharpen&src=https%3A%2F%2Fldb-phinf.pstatic.net%2F20211025_198%2F1635129369407ICanm_JPEG%2F6bCvspoBY0wbQTK9vxZi103N.jpg,4.58,37.60143995437424,127.02983034057685,921-6001,"서울특별시 성북구 종암로 129 (종암동,청한상가 2층)"
5,BM 휘트니스클럽,https://search.pstatic.net/common/?autoRotate=true&type=w560_sharpen&src=https%3A%2F%2Fldb-phinf.pstatic.net%2F20201020_53%2F1603158560209QvroL_JPEG%2FAiAXNUJ_T_FVjV-OOudByPz9.jpg,4.53,37.58322144505789,127.01787411267006,02-922-4222,"서울특별시 성북구 보문로 94, 7층 (보문동4가, 화성빌딩)"
6,휘트니스베이24시 석관점,https://search.pstatic.net/common/?autoRotate=true&type=w560_sharpen&src=https%3A%2F%2Fldb-phinf.pstatic.net%2F20190408_175%2F15547332870762KFU2_JPEG%2FqxXMQMtRwtcGdA45k2FqtWmS.jpg,,37.60626175237917,127.06283337420867,,"서울특별시 성북구 한천로 509 (석관동,코오롱아파트상가(지하))"
7,비타민 휘트니스클럽,,4.55,37.60426952630169,127.00847986334608,913-9517,"서울특별시 성북구 정릉로 250  (정릉동,정릉빌딩 5층)"
8,블랙멀티짐,https://search.pstatic.net/common/?autoRotate=true&type=w560_sharpen&src=https%3A%2F%2Fldb-phinf.pstatic.net%2F20220119_184%2F1642584723072hThto_PNG%2F5BFB797D-D1F7-4E6E-A12B-603762FB0C38.png,4.71,37.612936956130675,127.0621112787091,,서울특별시 성북구 한천로76다길 43 (석관동)
9,시티짐 119종암,https://search.pstatic.net/common/?autoRotate=true&type=w560_sharpen&src=https%3A%2F%2Fldb-phinf.pstatic.net%2F20211125_60%2F1637813775115e4BFu_JPEG%2FKakaoTalk_20211125_131256314_09.jpg,4.45,37.60196392716364,127.03059907576744,909-8844,"서울특별시 성북구 종암로 132, B104-1,B104-2,B105,B106,B107호 (종암동, 종암우림카이저팰리스)"
10,오렌지휘트니스,https://search.pstatic.net/common/?autoRotate=true&quality=95&type=w750&src=https%3A%2F%2Fldb-phinf.pstatic.net%2F20150901_222%2F1441059415885epkHz_JPEG%2F106357486033872_0.jpg,,37.61243750864347,127.00485925426025,904-8311,"서울특별시 성북구 보국문로 91  (정릉동,지하1층)"
11,체대입시FA,,4.68,37.59056853554749,127.01654126065812,,"서울특별시 성북구 보문로30길 71, 패션빌딩 지하1층 (동선동2가)"
12,파워라인 휘트니스 클럽,https://search.pstatic.net/common/?autoRotate=true&type=w560_sharpen&src=https%3A%2F%2Fldb-phinf.pstatic.net%2F20150901_38%2F1441077502135QVhIt_JPEG%2FSUBMIT_1362198691598_21120439.jpg,,37.60858512212998,127.01230983735846,,"서울특별시 성북구 서경로11길 6, 3층 (정릉동)"
13,커브스 길음클럽,https://search.pstatic.net/common/?autoRotate=true&type=w560_sharpen&src=https%3A%2F%2Fldb-phinf.pstatic.net%2F20210601_9%2F16225224318028CnAN_PNG%2FHwXUJI_NTNnWii0N2g-qimFJ.png,4.68,37.604755358134945,127.02014524972421,02-942-7130,"서울특별시 성북구 길음로 20, 상가동 4층 409~412호 (길음동, 길음뉴타운 래미안6단지)"
14,워너비 짐,https://search.pstatic.net/common/?autoRotate=true&type=w560_sharpen&src=https%3A%2F%2Fldb-phinf.pstatic.net%2F20220715_77%2F16578486285459Wu1H_JPEG%2FKakaoTalk_20220715_103005795.jpg,,37.6047184747929,127.04020515653383,02-915-5579,"서울특별시 성북구 장월로1길 106, 4층 (하월곡동)"
15,에이치 짐,https://search.pstatic.net/common/?autoRotate=true&type=w560_sharpen&src=https%3A%2F%2Fldb-phinf.pstatic.net%2F20220701_94%2F1656635627526zPft7_JPEG%2F1656634446105.jpg,4.67,37.610309008359465,127.0540541163551,,"서울특별시 성북구 화랑로 248, 15층 1501,1502,1503호 (석관동, 장위뉴타워)"
16,오라쁘띠휘트니스센터,https://search.pstatic.net/common/?autoRotate=true&type=w560_sharpen&src=https%3A%2F%2Fldb-phinf.pstatic.net%2F20150901_118%2F1441034777843fwKox_JPEG%2F157069436047241_0.jpeg,,37.593740027216484,127.01309429044538,029292214,"서울특별시 성북구 아리랑로 9, 2층 201호 (동소문동6가, 산맥프라자)"
17,에너메카 휘트니스,https://search.pstatic.net/common/?autoRotate=true&type=w560_sharpen&src=https%3A%2F%2Fldb-phinf.pstatic.net%2F20211204_199%2F1638597580620n5ze8_JPEG%2FKakaoTalk_20211204_145511264.jpg,,37.58552237312743,127.02771064773245,,"서울특별시 성북구 인촌로28길 16, 4층, 5층 일부층 (안암동5가, 안암랜드빌딩)"
18,3F 퍼스널 트레이닝,https://search.pstatic.net/common/?autoRotate=true&type=w560_sharpen&src=https%3A%2F%2Fldb-phinf.pstatic.net%2F20180201_27%2F1517468938246tc11E_JPEG%2F0dM1ZSUGjlGEwH6ZbRZl91Gg.jpg,,37.59071040393673,127.01439888230365,029221042,"서울특별시 성북구 보문로34길 35, 3층 (동선동1가)"
19,한성패스트짐,https://search.pstatic.net/common/?autoRotate=true&type=w560_sharpen&src=https%3A%2F%2Fldb-phinf.pstatic.net%2F20180322_32%2F1521684587056mqq5w_JPEG%2FQ_KokwCifJ59xXmzmg4x8uOv.jpg,4.23,37.59061981552932,127.00718509849855,,"서울특별시 성북구 동소문로 43, 흥화브라운 동소문빌딩 지하1층 101호 (동소문동4가)"
20,시티짐 필라테스&골프,https://search.pstatic.net/common/?autoRotate=true&type=w560_sharpen&src=https%3A%2F%2Fldb-phinf.pstatic.net%2F20180531_93%2F1527750089636wYTFS_JPEG%2FzK33P6uCm7yt66e4aUZpOZZ1.jpg,,37.60099226477803,127.03027395420263,070-4351-5453,"서울특별시 성북구 종암로 123, 지하2층 (종암동)"
21,트러스트짐,https://search.pstatic.net/common/?autoRotate=true&type=w560_sharpen&src=https%3A%2F%2Fldb-phinf.pstatic.net%2F20190507_124%2F1557220227554wEeyI_JPEG%2Fy9M8YJYt6bemdC5hU515n9nu.jpg,,37.58611301600965,127.01630878845589,,"서울특별시 성북구 보문로 124, 지하1층 (보문동1가)"
22,라몬 GYM,https://search.pstatic.net/common/?autoRotate=true&type=w560_sharpen&src=https%3A%2F%2Fldb-phinf.pstatic.net%2F20190305_9%2F1551791490368htNdJ_JPEG%2FbmUm7z6gLuv957721S9162Gl.jpg,,37.58878174067958,127.00244064741011,,"서울특별시 성북구 성북로 5-1, 산빌딩 3층 (성북동1가)"
23,건강한 정릉,https://search.pstatic.net/common/?autoRotate=true&type=w560_sharpen&src=https%3A%2F%2Fldb-phinf.pstatic.net%2F20210820_230%2F1629446244960fBuRP_JPEG%2FKsvV1h_2SuwSelDPnFE_o3Jy.jpg,,37.6052219297734,127.00880105572008,,"서울특별시 성북구 보국문로 6, 지하층 (정릉동)"
24,에이블짐 돈암점,https://search.pstatic.net/common/?autoRotate=true&type=w560_sharpen&src=https%3A%2F%2Fldb-phinf.pstatic.net%2F20220712_188%2F1657593053137tvFwL_JPEG%2FKakaoTalk_20220701_141637060_01.jpg,4.78,37.594807830058635,127.00742864011599,,"서울특별시 성북구 성북로4길 52, 스포츠센터동 지하2층 5301호 (돈암동, 한신한진아파트)"
25,스타짐 정릉,https://search.pstatic.net/common/?autoRotate=true&type=w560_sharpen&src=https%3A%2F%2Fldb-phinf.pstatic.net%2F20191007_196%2F1570455282155XOIVr_JPEG%2Fc_j6NEqOxq_NLyLC9XFt7I-L.jpg,4.82,37.6010177261545,127.01292940827948,,"서울특별시 성북구 북악산로 809, 정릉우성스카이상가 지하1층 (정릉동)"
26,솜솜 스포츠,https://search.pstatic.net/common/?autoRotate=true&type=w560_sharpen&src=https%3A%2F%2Fldb-phinf.pstatic.net%2F20200524_165%2F1590311958194AUXMp_JPEG%2FKRFIwOPVtlrdrQCYQPFKusHK.jpeg.jpg,4.75,37.60888863961869,127.00723637786145,,"서울특별시 성북구 보국문로 50, 청수프라자 4층 402,403호 (정릉동)"
27,커브스 월계클럽,,4.83,37.62293507459277,127.0455704459814,02-941-6330,"서울특별시 성북구 월계로40길 7, 센트럴타운 506,507호 (장위동)"
28,당신의 PT,https://search.pstatic.net/common/?autoRotate=true&type=w560_sharpen&src=https%3A%2F%2Fldb-phinf.pstatic.net%2F20211125_75%2F16378173690467rkd3_PNG%2FKakaoTalk_20211125_141402026.png,,37.603261004491706,127.01543342445646,,"서울특별시 성북구 정릉로 307, 지하2층 213호 (정릉동, 길음뉴타운10단지)"
29,크로스핏로꼬,https://search.pstatic.net/common/?autoRotate=true&type=w560_sharpen&src=https%3A%2F%2Fldb-phinf.pstatic.net%2F20210413_105%2F1618309126551EO9PH_JPEG%2FOdlVDJld6zQKcEYvzRl22vkW.jpeg.jpg,4.94,37.58847031823833,127.01481774870662,,"서울특별시 성북구 보문로 152, 윤홍빌딩 B2층 (삼선동5가)"
30,본피트니스,https://search.pstatic.net/common/?autoRotate=true&type=w560_sharpen&src=https%3A%2F%2Fldb-phinf.pstatic.net%2F20220621_199%2F1655781619782ma6vV_JPEG%2F3EAB1809-935D-4126-A518-E0051F587175.jpeg,,37.589402252449695,127.00460690727142,,"서울특별시 성북구 동소문로 13, 일화빌딩 4층 (동소문동1가)"
31,이너라인GYM 월곡점,https://search.pstatic.net/common/?autoRotate=true&type=w560_sharpen&src=https%3A%2F%2Fldb-phinf.pstatic.net%2F20220716_228%2F1657939727974f4OwC_JPEG%2FKakaoTalk_20220716_114517590.jpg,4.5,37.605958007862014,127.04234860268589,,"서울특별시 성북구 장월로1길 57, 3층 (상월곡동)"
32,노바디짐,https://search.pstatic.net/common/?autoRotate=true&type=w560_sharpen&src=https%3A%2F%2Fldb-phinf.pstatic.net%2F20220505_5%2F1651758226517pMRiV_PNG%2F%25B7%25CE%25B0%25ED.png,,37.59217062374731,127.01258398908558,02-921-9989,"서울특별시 성북구 동소문로 92, 강윤빌딩 2층 (동소문동5가)"
33,ARDIEM PT,https://search.pstatic.net/common/?autoRotate=true&type=w560_sharpen&src=https%3A%2F%2Fldb-phinf.pstatic.net%2F20210914_150%2F16315982496392iJWy_PNG%2F-xPN7o5RAgvUfH52u-zE9tQi.png,,37.60692993737238,127.02601574476935,,"서울특별시 성북구 동소문로 304, 5층 (하월곡동)"
34,샤크짐2호점,https://search.pstatic.net/common/?autoRotate=true&type=w560_sharpen&src=https%3A%2F%2Fldb-phinf.pstatic.net%2F20220131_299%2F1643610556056zfTdA_JPEG%2F9CAF02BF-FE0B-43E7-A5EA-4931261E99C0.jpeg,,37.58417838565586,127.0273202995391,,"서울특별시 성북구 고려대로26길 49, B01호 (안암동5가)"
35,닥터스트렝스,https://search.pstatic.net/common/?autoRotate=true&type=w560_sharpen&src=https%3A%2F%2Fldb-phinf.pstatic.net%2F20220613_153%2F1655091509048EsFaf_JPEG%2FIMG_6161_-_%25BA%25B9%25BB%25E7%25BA%25BB.jpg,5,37.58592353782256,127.02607196324558,,"서울특별시 성북구 고려대로22길 5, B01호 (안암동5가)"
36,업타운 휘트니스 돌곶이점,https://search.pstatic.net/common/?autoRotate=true&type=w560_sharpen&src=https%3A%2F%2Fldb-phinf.pstatic.net%2F20220218_107%2F1645168690051EgL2n_JPEG%2FKakaoTalk_20220218_161211255.jpg,5,37.610815119751166,127.05477664435004,02-967-0555,"서울특별시 성북구 화랑로 254, 대성프라자 4층 (석관동)"
37,핏플랜,https://search.pstatic.net/common/?autoRotate=true&type=w560_sharpen&src=https%3A%2F%2Fldb-phinf.pstatic.net%2F20211210_285%2F1639120006194hx4zy_JPEG%2F39269476-EE7F-4A3C-9257-AE88AA63CE2F.jpeg,,37.618607217975494,127.04299064499183,,"서울특별시 성북구 돌곶이로 217, 2층 (장위동)"
38,탐휘트니스 길음,https://search.pstatic.net/common/?autoRotate=true&type=w560_sharpen&src=https%3A%2F%2Fldb-phinf.pstatic.net%2F20220703_185%2F16568179296551ktQK_PNG%2FIMG_5586.,,37.606759684309445,127.0247844209255,02-988-9682,서울특별시 성북구 동소문로 295 (길음동)
39,짐포레스트,https://search.pstatic.net/common/?autoRotate=true&type=w560_sharpen&src=https%3A%2F%2Fldb-phinf.pstatic.net%2F20220402_235%2F1648900170636XEob3_JPEG%2F1648899673166-0.jpg,,37.58974662976476,127.00549875119793,070-7788-0925,"서울특별시 성북구 성북로2길 48, 2층 (동소문동1가)"
40,올인원짐,https://search.pstatic.net/common/?autoRotate=true&type=w560_sharpen&src=https%3A%2F%2Fldb-phinf.pstatic.net%2F20220603_2%2F1654233752164zOIJ2_JPEG%2F%25BF%25C3%25C0%25CE%25BF%25F8%25C1%25FC%25B7%25CE%25B0%25ED_%25BA%25ED%25B7%25A2.jpg,,37.58696901406139,127.015840656399,,"서울특별시 성북구 보문로 134, 지하1층 (보문동1가)"
