,id,name,img,grade,lat,lng,phoneNumber,address,naver_map_url,address2
0,0,서초헬스크럽,,4.57,37.5038111062408,127.021292917493,542-5457,"서울특별시 서초구 사평대로 349  (반포동,2층)",1744103267,서울 서초구 서초중앙로 15 상가 B1 슈퍼빌스포츠클럽
1,1,한전아트센터스포츠클럽,https://search.pstatic.net/common/?autoRotate=true&type=w560_sharpen&src=https%3A%2F%2Fldb-phinf.pstatic.net%2F20191209_166%2F1575878961958FTQ2V_JPEG%2F30PkxuprHkmVGSGAyPXYNOQG.jpg,4.4,37.4856046634033,127.028078834421,2055-1331,서울특별시 서초구 효령로72길 60 (서초동),1223657721,서울 서초구 효령로72길 60
2,2,우성헬스 2,https://search.pstatic.net/common/?autoRotate=true&type=w560_sharpen&src=https%3A%2F%2Fldb-phinf.pstatic.net%2F20180919_185%2F1537343918834AXH1z_JPEG%2Fhst30Pldpvx1Goz6KJvKd4Ht.jpg,,37.4881216800977,127.014931006517,582-1817,"서울특별시 서초구 서초중앙로 72  (서초동,지하1층)",1226621811,서울 서초구 효령로77길 34 3층 310호
3,3,코아텔휘트니스클럽,https://search.pstatic.net/common/?autoRotate=true&type=w560_sharpen&src=https%3A%2F%2Fldb-phinf.pstatic.net%2F20220519_6%2F1652911952591BNjyd_JPEG%2FIMG_6827.jpg,4.5,37.4939616380396,127.02791641287,6288-3301,"서울특별시 서초구 강남대로53길 11  (서초동,지하2층)",12922948,서울 서초구 강남대로53길 11 삼성쉐르빌2 지하2층 전층
4,4,대한퍼스널트레이닝,https://search.pstatic.net/common/?autoRotate=true&type=w560_sharpen&src=https%3A%2F%2Fldb-phinf.pstatic.net%2F20220216_78%2F1645009957090LNUK9_JPEG%2FP20181228_153232961_CD8D641A-5DBB-457B-8324-4A6E94EB80BB.jpg,,37.5100088988029,127.019980401098,515-2108,"서울특별시 서초구 사평대로55길 139  (반포동,미성빌딩4층)",37264113,서울 강남구 테헤란로5길 36 1층
5,5,휘트니스 모션,https://search.pstatic.net/common/?autoRotate=true&type=w560_sharpen&src=https%3A%2F%2Fldb-phinf.pstatic.net%2F20220720_132%2F1658292664511dz7ks_JPEG%2F%25C8%25AD%25B8%25E9_%25C4%25B8%25C3%25B3_2022-07-14_120018.jpg,4.31,37.4915088027577,126.990928299196,02-595-9922,"서울특별시 서초구 방배로 205 (방배동, 3층)",37746677,서울 서초구 방배로 205 대명빌딩 3층
6,6,휘트니스에프엠 교대점,https://search.pstatic.net/common/?autoRotate=true&type=w560_sharpen&src=https%3A%2F%2Fldb-phinf.pstatic.net%2F20220714_64%2F1657783411248DWdxu_JPEG%2F234.jpg,4.88,37.4940331549084,127.015892124665,585-8337,"서울특별시 서초구 서초대로 314 (서초동,지1층)",35678522,서울 서초구 서초대로 314 정보통신공제조합빌딩
7,7,플라이 짐,https://search.pstatic.net/common/?autoRotate=true&type=w560_sharpen&src=https%3A%2F%2Fldb-phinf.pstatic.net%2F20220712_251%2F1657590923662M05WT_JPEG%2F5e546f2ba6b5facde2450b74_qedgolf-intro.jpg,4.89,37.4843352446262,127.029508644272,3474-8974,"서울특별시 서초구 서운로 3 (서초동,(지하1층))",979577133,서울 서초구 서운로 3 지하1층
8,8,안전지대 휘트니스,https://search.pstatic.net/common/?autoRotate=true&type=w560_sharpen&src=https%3A%2F%2Fldb-phinf.pstatic.net%2F20181207_133%2F1544179372358bfaVJ_JPEG%2F7btEbXokjT75YFU8i9uzbGx7.jpg,4.5,37.4969314536823,126.983668491403,595-9682,"서울특별시 서초구 동작대로 230 (방배동,(지하1층))",35664351,서울 서초구 동작대로 230 화련회관
9,9,마크짐휘트니스,,4.76,37.4860057231492,127.010107986769,521-1180,"서울특별시 서초구 반포대로 63  (서초동,진석빌딩 지하1층)",21597899,서울 서초구 반포대로 63 진석빌딩 지하1층
10,10,플레이핏 앤 필라테스,,4.0,37.4995883245435,127.01195622147,595-3060,"서울특별시 서초구 서초중앙로 199 (반포동,(지하1층))",18288385,서울 서초구 서초중앙로 199
11,11,언남문화체육센터,https://search.pstatic.net/common/?autoRotate=true&type=w560_sharpen&src=https%3A%2F%2Fldb-phinf.pstatic.net%2F20151208_21%2F1449553247323A6UTb_JPEG%2F167158547064711_0.jpeg,4.41,37.4723300184587,127.043005236379,577-7718,"서울특별시 서초구 동산로13길 35 (양재동,언남중고공공복합시설 지하중층)",13319839,서울 서초구 동산로13길 35
12,12,고투(GOTO) 방배,https://search.pstatic.net/common/?autoRotate=true&type=w560_sharpen&src=https%3A%2F%2Fldb-phinf.pstatic.net%2F20200603_160%2F1591150999703Ua07e_JPEG%2FeQiHHVXCpW5NKBcn1zfl89QV.jpg,4.17,37.486064623049,126.995187234526,525-5944-5,"서울특별시 서초구 방배로 132, 지하1~2층 (방배동)",none,
13,13,피트니스파이브,https://search.pstatic.net/common/?autoRotate=true&type=w560_sharpen&src=https%3A%2F%2Fldb-phinf.pstatic.net%2F20220707_181%2F1657182379597WV9hz_PNG%2F%25BF%25A9%25B8%25A7%25C0%25CC%25BA%25A5%25C6%25AE.png,4.72,37.4954109950647,127.016402306519,02-565-5008,"서울특별시 서초구 서초중앙로24길 27 (서초동, G-five B112호, B113호)",20251319,서울 서초구 서초중앙로24길 27 G5센트럴프라자 B112호
14,14,리스펙짐,https://search.pstatic.net/common/?autoRotate=true&type=w560_sharpen&src=https%3A%2F%2Fldb-phinf.pstatic.net%2F20220629_15%2F1656482050600kz6WO_PNG%2FKakaoTalk_20220605_231310180.png,4.4,37.4906652237991,127.008612738216,587-7330,"서울특별시 서초구 반포대로 118 (서초동, (지1층))",13528824,서울 서초구 반포대로 118 우림빌딩
15,15,피트니스팩토리24,https://search.pstatic.net/common/?autoRotate=true&type=w560_sharpen&src=https%3A%2F%2Fldb-phinf.pstatic.net%2F20180827_300%2F1535364832414gvny0_JPEG%2FtDkH93gItXBgPdDfhUKbSFVW.JPG.jpg,4.7,37.4787820814606,127.039049768403,,"서울특별시 서초구 강남대로 156-1, 극동빌딩  4,5층 (양재동)",1126093411,"서울 서초구 강남대로 156-1 극동빌딩 4층, 5층 피트니스팩토리24"
16,16,NKB PT GYM,https://search.pstatic.net/common/?autoRotate=true&type=w560_sharpen&src=https%3A%2F%2Fldb-phinf.pstatic.net%2F20150901_70%2F1441072225280uzU5N_JPEG%2FSUBMIT_1326697081950_21033581.jpg,,37.489044360894,126.993589207343,,"서울특별시 서초구 서초대로25길 지하 27 (방배동, 배양빌딩)",21033581,서울 서초구 서초대로25길 27 배양빌딩
17,17,위아더 휘트니스,https://search.pstatic.net/common/?autoRotate=true&type=w560_sharpen&src=https%3A%2F%2Fldb-phinf.pstatic.net%2F20190711_159%2F1562832390575fJL9n_JPEG%2FwKEcuCdQ-iOw2AyagFm82AF8.jpg,4.88,37.4957101117888,126.985532367698,3478-1902,"서울특별시 서초구 방배중앙로 187 (방배동, (2,3층))",20762289,서울 서초구 방배중앙로 187 2.3.4층
18,18,the Fitness LAB,,,37.4938815989559,126.993579521315,,"서울특별시 서초구 동광로 101, 우림빌딩 2층 (방배동)",1491226152,서울 서초구 동광로 101 2층
19,19,파인휘트니스,https://search.pstatic.net/common/?autoRotate=true&type=w560_sharpen&src=https%3A%2F%2Fldb-phinf.pstatic.net%2F20220131_35%2F1643600770127LQpcD_JPEG%2FD17AF05E-D456-4D88-9A13-95F1C7527454.jpeg,4.88,37.4852579365619,126.994860973768,,"서울특별시 서초구 방배로 127 (방배동, 지하1, 지하2)",36016472,서울 서초구 방배로 127 청오빌딩 B1
20,20,김재환짐,https://search.pstatic.net/common/?autoRotate=true&type=w560_sharpen&src=https%3A%2F%2Fldb-phinf.pstatic.net%2F20220607_182%2F1654590898570iaaPY_JPEG%2F0746B9DF-A1A0-4CA1-9435-600606D5CD29.jpeg,,37.4911445151256,127.011283315483,583-5630,"서울특별시 서초구 반포대로28길 50, 지하1층 (서초동)",1616592762,서울 서초구 반포대로10길 45 B1 에이몬드짐
21,21,고마워 휘트니스,https://search.pstatic.net/common/?autoRotate=true&type=w560_sharpen&src=https%3A%2F%2Fldb-phinf.pstatic.net%2F20220421_29%2F1650521937744AXzB2_JPEG%2F%25B3%25D7%25C0%25CC%25B9%25F6-%25C7%25C3%25B7%25B9%25C0%25CC%25BD%25BA-%25B8%25DE%25C0%25CE-%25C8%25AD%25B8%25E9.jpg,4.57,37.4965755766092,127.013293304095,3477-1253,"서울특별시 서초구 서초중앙로 166 (서초동, 지하1층)",11875969,서울 서초구 서초중앙로 166 B1 고마워 휘트니스
22,22,티랩스튜디오 시그니처 서초점,https://search.pstatic.net/common/?autoRotate=true&type=w560_sharpen&src=https%3A%2F%2Fldb-phinf.pstatic.net%2F20220711_56%2F1657502565138Ov4Nm_JPEG%2FKakaoTalk_Photo_2022-07-11-10-22-27_001.jpeg,4.95,37.4825295056019,127.005063878399,,"서울특별시 서초구 효령로 190, 비선빌딩 지하1층 (서초동)",1008586124,서울 서초구 효령로 190 비선빌딩 지하 1층
23,23,G.O PT Studio,https://search.pstatic.net/common/?autoRotate=true&type=w560_sharpen&src=https%3A%2F%2Fldb-phinf.pstatic.net%2F20160922_106%2F1474547143759dbAVj_JPEG%2F176872615563386_0.jpeg,,37.4875690470589,127.004542057229,6349-0625,"서울특별시 서초구 명달로 116 (서초동, 2층)",32786359,서울 서초구 명달로 116 송현빌딩
24,24,하이드파크,https://search.pstatic.net/common/?autoRotate=true&type=w560_sharpen&src=https%3A%2F%2Fldb-phinf.pstatic.net%2F20220630_30%2F1656567025014UQ7ii_JPEG%2F1656326918491.jpg,4.85,37.4950009216382,127.013778147123,534-3332,"서울특별시 서초구 서초중앙로 148 (서초동, 지하2층, 지하3층)",34582185,서울 서초구 서초중앙로 148 김영편입학원 빌딩 지하2층
25,25,멋짐헬스PT,https://search.pstatic.net/common/?autoRotate=true&type=w560_sharpen&src=https%3A%2F%2Fldb-phinf.pstatic.net%2F20220519_239%2F1652920683293wMrau_JPEG%2FD1D18615-ADB5-4A91-9D0D-B7A720967D7E.jpeg,,37.4879304099777,127.012481502204,523-0959,"서울특별시 서초구 사임당로 21 (서초동, 지하1층)",1350583590,서울 서초구 사임당로 21 기하빌딩 지하 1층
26,26,크로스핏 제니아,https://search.pstatic.net/common/?autoRotate=true&type=w560_sharpen&src=https%3A%2F%2Fldb-phinf.pstatic.net%2F20150901_153%2F1441119445183wA4k0_JPEG%2FSUBMIT_1411473759157_35014203.jpg,,37.4987206250178,126.998930642785,537-6697,"서울특별시 서초구 서래로8길 7 (반포동, 포도빌딩 지하1층)",35014203,서울 서초구 서래로8길 7 포도빌딩
27,27,헬스보이짐 신논현점,https://search.pstatic.net/common/?autoRotate=true&type=w560_sharpen&src=https%3A%2F%2Fldb-phinf.pstatic.net%2F20220531_287%2F1653971657176tMMEY_JPEG%2F%25C7%25CA%25B5%25E5%25BB%25E7%25C1%25F83.jpg,,37.5032072803982,127.023519915144,539-9394,"서울특별시 서초구 사평대로56길 7 (서초동, 한일유앤아이주상복합 지하2층)",1810083742,서울 서초구 사평대로56길 7 서초한일유앤아이주상복합 지하2층
28,28,나눔케어 피트니스,https://search.pstatic.net/common/?autoRotate=true&type=w560_sharpen&src=https%3A%2F%2Fldb-phinf.pstatic.net%2F20170523_148%2F14955031274592wAhQ_JPEG%2F186473506176184_31.jpeg,,37.4977812944037,126.99707185707,,"서울특별시 서초구 서래로5길 19, 3층 (반포동, 나눔케어빌딩)",615618352,서울 서초구 서래로5길 19 나눔케어빌딩 3층
29,29,더쉐이프,https://search.pstatic.net/common/?autoRotate=true&type=w560_sharpen&src=https%3A%2F%2Fldb-phinf.pstatic.net%2F20161111_121%2F1478849904008xlV35_JPEG%2F177061566841241_16.jpeg,,37.4784575897588,127.000947079743,,"서울특별시 서초구 효령로34길 76, 동림빌딩 2층 201호 (방배동)",35317336,서울 서초구 효령로34길 76
30,30,클래스짐,https://search.pstatic.net/common/?autoRotate=true&type=w560_sharpen&src=https%3A%2F%2Fldb-phinf.pstatic.net%2F20150901_289%2F1441034177838pUbqT_JPEG%2FSUBMIT_1418379913499_35977052.jpg,4.97,37.4851294931638,127.015844898549,6232-2930,"서울특별시 서초구 효령로 289 (서초동, 3층)",35977052,서울 서초구 효령로 289 305호
31,31,Gym 360+,https://search.pstatic.net/common/?autoRotate=true&quality=95&type=w750&src=https%3A%2F%2Fldb-phinf.pstatic.net%2F20150901_132%2F1441056439656RiPjr_JPEG%2F166073583531029_0.jpeg,,37.4968579628044,126.998032096864,,"서울특별시 서초구 서래로3길 3 (반포동, 3층)",36276588,서울 서초구 서래로3길 3 301호 GYM360+
32,32,마커스짐,https://search.pstatic.net/common/?autoRotate=true&type=w560_sharpen&src=https%3A%2F%2Fldb-phinf.pstatic.net%2F20200617_59%2F1592389163787TVaTH_JPEG%2FDLRPMoGne6VIHZFIBUrG8Kpm.jpg,,37.4890590968177,126.997151687971,6402-3100,"서울특별시 서초구 서초대로 137 (방배동, 신국빌딩 2층)",37688385,서울 서초구 서초대로25길 51 3층
33,33,4TP fitness,https://search.pstatic.net/common/?autoRotate=true&type=w560_sharpen&src=https%3A%2F%2Fldb-phinf.pstatic.net%2F20220403_127%2F1648958312714ESV58_JPEG%2F4TPnaver5.jpg,4.81,37.5029725833055,127.010131309177,6925-0909,"서울특별시 서초구 고무래로 18-4 (반포동, 지하중2층, 지하2층, 지하3층)",36624732,서울 서초구 고무래로 18-4 지하2층
34,34,잠원스포츠파크,https://search.pstatic.net/common/?autoRotate=true&quality=95&type=w750&src=https%3A%2F%2Fldb-phinf.pstatic.net%2F20150831_33%2F1441017585224rdIRu_GIF%2F96060514153262_0.g,4.49,37.5109283251988,127.005252082092,533-7508,서울특별시 서초구 신반포로23길 66 (잠원동),12760726,서울 서초구 신반포로23길 66 잠원스포츠센터
35,35,테라 짐,https://search.pstatic.net/common/?autoRotate=true&type=w560_sharpen&src=https%3A%2F%2Fldb-phinf.pstatic.net%2F20190822_279%2F1566438620518HlHxJ_JPEG%2FWPxEFgJMgDbvjydnLQ9mQheg.jpg,,37.4993884267587,126.997384823834,000205377667,"서울특별시 서초구 사평대로22길 6, 2층 (반포동, 삼영빌딩)",1683594552,서울 서초구 사평대로22길 6 삼영빌딩 2층 테라짐반포점
36,36,이동근 바디퍼포먼스,,,37.4842297705628,127.010841544849,,"서울특별시 서초구 반포대로 43, 지층 (서초동)",37203352,서울 서초구 반포대로 43 코스모빌딩 지하 1층
37,37,바디엔지니어,https://search.pstatic.net/common/?autoRotate=true&type=w560_sharpen&src=https%3A%2F%2Fldb-phinf.pstatic.net%2F20220407_226%2F1649257378303YguTg_JPEG%2F599739F4-5ACF-4910-8822-CD0486ABE350.jpeg,,37.4901824983595,127.030641805543,070-8814-8812,"서울특별시 서초구 강남대로 305, 지하1층 109호 (서초동, 현대렉시온)",1379390572,서울 서초구 강남대로 305 B109호
38,38,대한퍼스널트레이너협회,,,37.48110170648,126.995684117355,02-3476-6696,"서울특별시 서초구 효령로 105, 3층 (방배동, 범창빌딩)",12371473,서울 서초구 효령로 105 범창빌딩 302호
39,39,운동을 만나고,https://search.pstatic.net/common/?autoRotate=true&type=w560_sharpen&src=https%3A%2F%2Fldb-phinf.pstatic.net%2F20211227_151%2F1640577753277CUXDE_PNG%2F%25BD%25BA%25C5%25A9%25B8%25B0%25BC%25A6%2528218%2529.png,,37.4930282652451,126.986294133567,02-533-9720,"서울특별시 서초구 방배중앙로 155, 3층 (방배동)",37992840,서울 서초구 방배중앙로 155 3층 운동을 만나고
40,40,더 스토리짐,https://search.pstatic.net/common/?autoRotate=true&type=w560_sharpen&src=https%3A%2F%2Fldb-phinf.pstatic.net%2F20210720_205%2F1626768486580LsHlF_JPEG%2F017A9503.jpg,4.92,37.4934898858962,127.028606363309,,"서울특별시 서초구 서초대로78길 48, 5층 (서초동)",37927613,서울 서초구 서초대로78길 48 송림빌딩 5층
41,41,골든 크라운 크로스핏,https://search.pstatic.net/common/?autoRotate=true&type=w560_sharpen&src=https%3A%2F%2Fldb-phinf.pstatic.net%2F20200204_4%2F1580813236458KV8AN_JPEG%2F%25B7%25CE%25B0%25ED.jpg,4.86,37.4939069944418,127.028843765138,02-2055-0077,"서울특별시 서초구 강남대로 349, 지하2층 (서초동, 우남빌딩)",37829775,서울 서초구 강남대로 349
42,42,H Core Fitness,https://search.pstatic.net/common/?autoRotate=true&type=w560_sharpen&src=https%3A%2F%2Fldb-phinf.pstatic.net%2F20210211_266%2F1613050939533ceuAw_JPEG%2F6Rvq6q_Q56RlD2td9MA3-_EU.jpeg.jpg,,37.4815260036299,127.01440169551,02-521-5976,"서울특별시 서초구 남부순환로325길 7, 지하1층 (서초동)",1623927679,서울 서초구 남부순환로325길 7 지하1층 Hcore Fitness
43,43,브랜뉴짐,https://search.pstatic.net/common/?autoRotate=true&type=w560_sharpen&src=https%3A%2F%2Fldb-phinf.pstatic.net%2F20161115_74%2F1479217990301PKy9v_JPEG%2F177065628327881_1.jpeg,,37.4891828159505,126.993061030072,,"서울특별시 서초구 방배로 174, 지하1층 (방배동, 태창빌딩)",45266689,서울 서초구 방배로 174 내방빌딩 b1층 브랜뉴짐
44,44,얼티밋 크로스핏 방배점,https://search.pstatic.net/common/?autoRotate=true&type=w560_sharpen&src=https%3A%2F%2Fldb-phinf.pstatic.net%2F20170327_75%2F1490596480613TuGVj_JPEG%2F186277556459824_0.jpeg,4.5,37.4827665443634,126.997121512739,02-525-9682,"서울특별시 서초구 방배로 94, 지하2층 (방배동)",38648010,서울 서초구 방배로 94 B2층
45,45,헐크짐,https://search.pstatic.net/common/?autoRotate=true&type=w560_sharpen&src=https%3A%2F%2Fldb-phinf.pstatic.net%2F20170126_218%2F1485416804080RNY7S_JPEG%2F186076567663912_0.jpeg,,37.4721815424518,127.045386161702,,"서울특별시 서초구 동산로13길 6, 지하층 (양재동)",325802099,서울 서초구 동산로13길 6
46,46,The Better GYM,https://search.pstatic.net/common/?autoRotate=true&type=w560_sharpen&src=https%3A%2F%2Fldb-phinf.pstatic.net%2F20190920_51%2F1568962356179jth0k_PNG%2FS_CMnbeP5o1q1d3ecD0WCxfy.png,,37.4958491788929,127.014857118224,,"서울특별시 서초구 서초중앙로26길 13, B01호 (서초동)",1427079273,서울 서초구 서초중앙로26길 13 지하1층
47,47,제이주드,https://search.pstatic.net/common/?autoRotate=true&type=w560_sharpen&src=https%3A%2F%2Fldb-phinf.pstatic.net%2F20191025_176%2F15719964666061cIXh_PNG%2Fw2n1B7PfSfiPFWIZ8wF78YUU.png,,37.4846431037844,126.99522746431,,"서울특별시 서초구 방배로 119, 지하1층 (방배동)",67454851,서울 서초구 방배로 119
48,48,리얼핏,,4.67,37.4915573375838,127.029970916611,02-585-0905,"서울특별시 서초구 강남대로 321, 2층 209~211호 (서초동, 서초동대우디오빌프라임)",21193475,서울 서초구 강남대로 321 대우디오빌프라임 2층
49,49,하우스필라테스,https://search.pstatic.net/common/?autoRotate=true&type=w560_sharpen&src=https%3A%2F%2Fldb-phinf.pstatic.net%2F20220420_227%2F1650463659445tSO4b_PNG%2F%25C7%25CA%25B6%25F3%25C5%25D7%25BD%25BA_8%25C1%25D6%25B3%25E2.png,,37.5024331030407,127.023686484894,02-525-5345,"서울특별시 서초구 서초대로77길 61, 4층 (서초동, S&GTOWER서초)",35976933,서울 강남구 테헤란로6길 47 4층 필라테스더그라운드
50,50,아유짐,https://search.pstatic.net/common/?autoRotate=true&type=w560_sharpen&src=https%3A%2F%2Fldb-phinf.pstatic.net%2F20181029_230%2F15407898659612C4C7_JPEG%2Fl1oVz-YIuzKDc3PYVDn2BtOO.jpg,,37.4819733575407,126.982303692025,,"서울특별시 서초구 동작대로 62, 용진빌딩 3층 (방배동)",1843053927,서울 서초구 동작대로 62 용진빌딩 3층
51,51,썸머짐,https://search.pstatic.net/common/?autoRotate=true&type=w560_sharpen&src=https%3A%2F%2Fldb-phinf.pstatic.net%2F20220105_182%2F16413628053398uGbY_JPEG%2FKakaoTalk_20211229_165723936_%25281%2529.jpg,4.96,37.4837407273475,127.008320461436,02-598-5777,"서울특별시 서초구 효령로 221, 3층 (서초동)",1274008432,서울 서초구 효령로 221 3층
52,52,라비아 피트니스,https://search.pstatic.net/common/?autoRotate=true&type=w560_sharpen&src=https%3A%2F%2Fldb-phinf.pstatic.net%2F20201101_131%2F16042415369228CWPi_JPEG%2FNrccIzHKUeKObHhcg0Ptlt0f.jpg,,37.5010538834495,127.011216725546,,"서울특별시 서초구 서초중앙로33길 7, 2층 (반포동)",1275777289,서울 서초구 서초중앙로33길 7 SNA빌딩 2층
53,53,짐홀릭,https://search.pstatic.net/common/?autoRotate=true&type=w560_sharpen&src=https%3A%2F%2Fldb-phinf.pstatic.net%2F20211227_232%2F1640615842961pJEoS_JPEG%2F5F2FF72F-7DC6-43BD-BDA9-49B1DAC2EC86.jpeg,,37.4901850331775,127.02009588352,02-6401-4011,"서울특별시 서초구 사임당로 93, 2-3층 (서초동)",37903244,서울 서초구 사임당로 93 2층 3층 짐홀릭
54,54,썬더짐,https://search.pstatic.net/common/?autoRotate=true&type=w560_sharpen&src=https%3A%2F%2Fldb-phinf.pstatic.net%2F20220227_17%2F1645887702133g5E2u_JPEG%2F7484FD76-4C71-40DF-A1A7-0E0E3AF2AF21.jpeg,,37.4973504144781,127.013538045649,0506-050-1111,"서울특별시 서초구 서초중앙로 188, 상가동 L층 134호 (서초동, 아크로비스타)",1400053835,서울 서초구 서초중앙로 188 아크로비스타APT 아케이드상가 L-134 썬더짐
55,55,피트니스 프렌즈,https://search.pstatic.net/common/?autoRotate=true&type=w560_sharpen&src=https%3A%2F%2Fldb-phinf.pstatic.net%2F20220323_290%2F1648008762287yKCRO_JPEG%2F8FD2FA89-8A37-4594-B114-641341B8E5D7.jpeg,4.73,37.5152673868699,127.016133597337,070-8993-0779,"서울특별시 서초구 강남대로109길 102, 잠원빌딩 5층 (잠원동)",1384319970,서울 서초구 강남대로109길 102 새마을금고빌딩 5층
56,56,발할라짐,https://search.pstatic.net/common/?autoRotate=true&type=w560_sharpen&src=https%3A%2F%2Fldb-phinf.pstatic.net%2F20220307_154%2F1646636336844qlFyU_JPEG%2FDSC03327.,5.0,37.4980128317622,126.996311340479,,"서울특별시 서초구 서래로5길 34, 2층 (반포동)",1172835136,서울 서초구 서래로5길 34 2층
57,57,액트짐 반포점,https://search.pstatic.net/common/?autoRotate=true&type=w560_sharpen&src=https%3A%2F%2Fldb-phinf.pstatic.net%2F20220704_46%2F16569034422569CdJT_PNG%2F220704-%25BE%25D7%25C6%25AE%25C1%25FC-%25B3%25D7%25C0%25CC%25B9%25F6%25C7%25C3%25B7%25B9%25C0%25CC%25BD%25BA-7%25BF%25F9%25B0%25F8%25B5%25BF%25B1%25B8%25B8%25C5_%25281%2529.png,4.91,37.5040068343972,127.021127174838,02-3443-3337,"서울특별시 서초구 강남대로79길 59, 새로나 빌딩 지하2층 (반포동)",1041577850,서울 서초구 강남대로79길 59 새로나빌딩 B2 액트짐
58,58,머슬메모리휘트니스,https://search.pstatic.net/common/?autoRotate=true&quality=95&type=w750&src=https%3A%2F%2Fldb-phinf.pstatic.net%2F20200503_2%2F1588500261512xuhqo_JPEG%2FkZTt-CE--Bd5XN9LsAJdD6uy.jpeg.jpg,,37.5061429460128,127.022068080934,,"서울특별시 서초구 강남대로83길 24, 2층 (반포동)",36684193,서울 서초구 강남대로83길 24 2층
59,59,파란헬스살롱,https://search.pstatic.net/common/?autoRotate=true&type=w560_sharpen&src=https%3A%2F%2Fldb-phinf.pstatic.net%2F20181102_242%2F1541145058941DYzWh_PNG%2FKlyFgZBYU1qlWqF7l5uW2nJQ.PNG.png,,37.5097142441813,127.01959848253,,"서울특별시 서초구 신반포로 326-16, 2층 (반포동)",1631213421,서울 서초구 신반포로 326-16
60,60,바라다짐,https://search.pstatic.net/common/?autoRotate=true&type=w560_sharpen&src=https%3A%2F%2Fldb-phinf.pstatic.net%2F20220726_295%2F1658808236399P0zdA_JPEG%2F%25B7%25CE%25B0%25ED%2528%25BC%25AD%25C3%25CA%25B9%25E6%25B9%25E8%2529.jpg,4.54,37.4977144170726,126.985664065684,,"서울특별시 서초구 사평대로2길 22, 2층 (방배동)",1511804436,서울 서초구 사평대로2길 22 2층
61,61,핏그라운드,https://search.pstatic.net/common/?autoRotate=true&type=w560_sharpen&src=https%3A%2F%2Fldb-phinf.pstatic.net%2F20181217_176%2F15450444647509sGt7_JPEG%2FYnheGih8dj0JiDoysNRzZhW_.jpg,,37.487705960425,127.008522167735,,"서울특별시 서초구 반포대로21길 23, 세진빌딩 지하1층 (서초동)",1969894842,서울 서초구 반포대로21길 23 세진빌딩 b1 핏그라운드 운동센터
62,62,프로젝트핏,https://search.pstatic.net/common/?autoRotate=true&type=w560_sharpen&src=https%3A%2F%2Fldb-phinf.pstatic.net%2F20190223_164%2F1550925473071Kg2ks_JPEG%2FjXmeS_l9Jqsdo4PYFIUGzXRK.jpg,,37.4855360426104,127.030825791222,02-585-2588,"서울특별시 서초구 서운로6길 26, 지훈빌딩 지하1층 (서초동)",1310242803,서울 서초구 서운로6길 26 B1
63,63,퍼스트짐,https://search.pstatic.net/common/?autoRotate=true&type=w560_sharpen&src=https%3A%2F%2Fldb-phinf.pstatic.net%2F20210215_80%2F1613363769904HC2ub_JPEG%2FMKaJ5uNchiqiJHNDlfJwHVQU.jpg,,37.4715529486838,127.045043136958,,"서울특별시 서초구 동산로12길 4, 유성빌딩 지하1층 (양재동)",1400236902,서울 서초구 동산로12길 4 지하1층
64,64,(주)에이블짐 교대역점,https://search.pstatic.net/common/?autoRotate=true&type=w560_sharpen&src=https%3A%2F%2Fldb-phinf.pstatic.net%2F20220712_163%2F1657608601799VcnB5_JPEG%2FKakaoTalk_20220712_154930576.jpg,4.86,37.4942200198785,127.01657607757,02-2088-3036,"서울특별시 서초구 서초대로 320, 하림인터내셔날빌딩 지하2층 (서초동)",none,
65,65,박PT,https://search.pstatic.net/common/?autoRotate=true&type=w560_sharpen&src=https%3A%2F%2Fldb-phinf.pstatic.net%2F20200414_282%2F1586851938746BedaP_JPEG%2FScYE6JDKBysvWiXglNZMVJzX.jpg,4.99,37.4936435887032,127.019323116547,,"서울특별시 서초구 사임당로17길 123, 맥스빌딩 (서초동)",1752271967,서울 서초구 사임당로17길 123 B1
66,66,운동하는날,https://search.pstatic.net/common/?autoRotate=true&type=w560_sharpen&src=https%3A%2F%2Fldb-phinf.pstatic.net%2F20220701_163%2F16566485456213qOcp_JPEG%2F2561DAB6-99F6-4216-82C2-F3B53CAD705B.jpeg,,37.4696162017367,127.025921741939,,"서울특별시 서초구 바우뫼로6길 16, 2층 (우면동)",1791384163,서울 서초구 바우뫼로6길 16 2층 운동하는날 우면점
67,67,스포니스 교대점,https://search.pstatic.net/common/?autoRotate=true&type=w560_sharpen&src=https%3A%2F%2Fldb-phinf.pstatic.net%2F20220620_159%2F1655712800959M92Sv_JPEG%2FKakaoTalk_20220516_135216050_02.jpg,4.99,37.4950034213239,127.015423378849,,"서울특별시 서초구 서초중앙로24길 17, 베아따빌딩본관 지층 (서초동)",1580973564,서울 서초구 서초중앙로24길 17 지하1층 스포니스교대점
68,68,리버스바디,https://search.pstatic.net/common/?autoRotate=true&type=w560_sharpen&src=https%3A%2F%2Fldb-phinf.pstatic.net%2F20200817_83%2F1597667008760qMBta_JPEG%2FyWH07-jZ5hq45QgtmjrUusgR.jpg,,37.4960391685763,127.014392947489,02-532-6456,"서울특별시 서초구 서초대로53길 21, 202호 (서초동)",1635577626,서울 서초구 서초대로53길 21 찬형빌딩 202호
69,69,빅브로짐 휘트니스,https://search.pstatic.net/common/?autoRotate=true&type=w560_sharpen&src=https%3A%2F%2Fldb-phinf.pstatic.net%2F20220708_91%2F1657259011786NwuWB_JPEG%2F%25B4%25D9%25BF%25EE%25B7%25CE%25B5%25E5-_%25BA%25B9%25BB%25E733.jpg,4.77,37.4832782887127,126.996121212244,02-597-7006,"서울특별시 서초구 방배로 103, 서리풀타워 지하1층 (방배동)",1084608567,서울 서초구 방배로 103
70,70,YS PT,,,37.484074155225,126.99629563134,,"서울특별시 서초구 방배로 110, 하나은행 지하층 102호 (방배동)",1769633536,서울 서초구 방배로 110 B1 YSP.T
71,71,아크피티스튜디오,https://search.pstatic.net/common/?autoRotate=true&type=w560_sharpen&src=https%3A%2F%2Fldb-phinf.pstatic.net%2F20200629_125%2F1593416718244JI88n_JPEG%2FY-Tz2bIHz_o9UhJwF-ZZP03c.jpg,5.0,37.49272886702,127.028349723754,070-7576-1992,"서울특별시 서초구 사임당로 171, EWR빌딩 지하1층 (서초동)",1926838751,서울 서초구 사임당로 171 EWR빌딩 지하 1층
72,72,PT Lab Bangbae,,,37.4875039950758,126.988735323414,,"서울특별시 서초구 방배중앙로 91, 석호빌딩 지하1층 (방배동)",1661755753,서울 서초구 방배중앙로 91
73,73,반포휘트니스사우나,https://search.pstatic.net/common/?autoRotate=true&type=w560_sharpen&src=https%3A%2F%2Fldb-phinf.pstatic.net%2F20210217_182%2F1613564513303lrfgW_JPEG%2FMFF_3wLC8kwMMMOUAoFFF3rw.jpg,,37.5074448623,127.02177677709,02-516-3438,"서울특별시 서초구 강남대로85길 16, 1층 (반포동)",33292026,서울 서초구 강남대로85길 16 반포휘트니스사우나
74,74,테라피티,https://search.pstatic.net/common/?autoRotate=true&type=w560_sharpen&src=https%3A%2F%2Fldb-phinf.pstatic.net%2F20220118_180%2F1642470713213bF7qS_JPEG%2FBAAA6797-91D9-4410-8DF5-AA08276D423D.jpeg,4.78,37.4785199554486,127.039388690657,,"서울특별시 서초구 바우뫼로 177, 성문빌딩 지하층 (양재동)",1905485276,서울 서초구 바우뫼로 177 지하 1층 테라피티
75,75,에이제이짐,,,37.4859076526233,126.983849087155,,"서울특별시 서초구 서초대로 13, 방배 마에스트로 204호 (방배동)",1052511604,서울 서초구 서초대로 13
76,76,피디컬짐,,5.0,37.495154533353,126.989654212132,,"서울특별시 서초구 방배로42길 19, 지층 (방배동)",1997708564,서울 서초구 방배로42길 19 지하 1층 피디컬짐
77,77,핏플즈,https://search.pstatic.net/common/?autoRotate=true&type=w560_sharpen&src=https%3A%2F%2Fldb-phinf.pstatic.net%2F20191218_25%2F1576653917947DFcgE_JPEG%2Fisk3ua1ASQk3LxCsDMmOtBEP.jpg,4.13,37.5004732570117,127.010431678679,,"서울특별시 서초구 서초중앙로31길 14-11, 1층 (반포동)",1559853970,서울 서초구 서초중앙로31길 14-11 동환빌딩 1층
78,78,S&C physical center,https://search.pstatic.net/common/?autoRotate=true&type=w560_sharpen&src=https%3A%2F%2Fldb-phinf.pstatic.net%2F20201023_186%2F1603429358154gVavF_JPEG%2FuPLHZO1BEtnAurKCVaUBCk_l.jpeg.jpg,,37.4930220372147,126.992079487564,,"서울특별시 서초구 동광로22길 7, 102동 b01호 (방배동)",1458856718,서울 서초구 동광로22길 7 S&C physical center 102동 B1층
79,79,넥스트레벨피티,https://search.pstatic.net/common/?autoRotate=true&type=w560_sharpen&src=https%3A%2F%2Fldb-phinf.pstatic.net%2F20210215_32%2F1613374220822ryEDU_JPEG%2FSBqYR6Pu_krlsJCt7IeKHpOp.jpg,,37.4970811308117,127.023665230654,,"서울특별시 서초구 서초대로 389, 진흥상가 지하층 1호 (서초동)",1789130869,서울 서초구 서초대로 389 지하1층1호
80,80,바디어필 PT 스튜디오,https://search.pstatic.net/common/?autoRotate=true&type=w560_sharpen&src=https%3A%2F%2Fldb-phinf.pstatic.net%2F20220616_281%2F1655365102746BXc6K_JPEG%2F1.jpg,,37.4792386785483,127.000069078638,,"서울특별시 서초구 방배로6길 13, 지하1층 (방배동)",1027859889,서울 서초구 방배로6길 13 배영빌딩 지하1층
81,81,HANT,https://search.pstatic.net/common/?autoRotate=true&type=w560_sharpen&src=https%3A%2F%2Fldb-phinf.pstatic.net%2F20220526_122%2F1653495798474oXxig_JPEG%2F8E6D31D2-0387-4B91-8B52-D774E2CF58BC.jpeg,,37.4904950346372,127.005381592272,,"서울특별시 서초구 서초대로38길 12, b115동 116호 (서초동, 마제스타시티, 힐스테이트 서리풀)",1349933707,"서울 서초구 서초대로38길 12 서초애비뉴 B1층 B115, B116"
82,82,더바디코치,https://search.pstatic.net/common/?autoRotate=true&type=w560_sharpen&src=https%3A%2F%2Fldb-phinf.pstatic.net%2F20210217_174%2F1613549235596aIoEJ_JPEG%2FLy_1HHGdacyAHCmOjFDwDrlP.jpg,5.0,37.5070244820045,127.006460397501,02-537-3297,"서울특별시 서초구 신반포로 205, 반포쇼핑타운 6동 5층 4,5호 (잠원동)",1143519070,서울 서초구 신반포로 205 반포쇼핑타운 6동 5층 4호 5호
83,83,김민철 트레이닝,https://search.pstatic.net/common/?autoRotate=true&type=w560_sharpen&src=https%3A%2F%2Fldb-phinf.pstatic.net%2F20210621_96%2F1624245983760zvm4E_JPEG%2FZyB9kYbP7GuBJyE4Nn_FTNIs.jpg,,37.499667225552,127.010333744461,,"서울특별시 서초구 서초중앙로31길 18, 그랑반포 4층 (반포동)",1063816483,서울 서초구 서초중앙로31길 18
84,84,마커스 재활운동,https://search.pstatic.net/common/?autoRotate=true&type=w560_sharpen&src=https%3A%2F%2Fldb-phinf.pstatic.net%2F20200617_59%2F1592389163787TVaTH_JPEG%2FDLRPMoGne6VIHZFIBUrG8Kpm.jpg,,37.4899167721412,126.992981470863,,"서울특별시 서초구 서초대로25길 51, 지하1층 (방배동)",37688385,서울 서초구 서초대로25길 51 3층
85,85,빌리프짐 양재역점,https://search.pstatic.net/common/?autoRotate=true&type=w560_sharpen&src=https%3A%2F%2Fldb-phinf.pstatic.net%2F20200210_234%2F1581313345899X4GHk_JPEG%2FxtWprzSFw5IPMQbqjqFrVjzZ.jpg,4.95,37.4854211148285,127.03135523975,,"서울특별시 서초구 남부순환로347길 23, 유진빌딩 지하1층 (서초동)",1290926038,서울 서초구 남부순환로347길 23 유진빌딩 B1
86,86,바른다짐 퍼스널 트레이닝,https://search.pstatic.net/common/?autoRotate=true&type=w560_sharpen&src=https%3A%2F%2Fldb-phinf.pstatic.net%2F20211204_55%2F1638543825976S7Swk_JPEG%2FD3B06B55-F3CB-4F9E-9BCB-ABE323138749.jpeg,,37.5015195846305,127.021753455557,,"서울특별시 서초구 서운로 207, 삼호종합상가 223호 (서초동)",1048116705,서울 서초구 서운로 207 삼호종합상가 223호
87,87,짐파서블,,4.99,37.4903216989996,127.009408746972,,"서울특별시 서초구 서초대로42길 41, 지하1층 (서초동)",1573692627,서울 서초구 서초대로42길 41 안화빌딩 지하1층
88,88,타임 투 짐(TIME TO GYM),,,37.4888420176392,127.017675087454,,"서울특별시 서초구 사임당로14길 7, 1층 (서초동)",none,
89,89,바른밸런스 PT STUDIO,https://search.pstatic.net/common/?autoRotate=true&type=w560_sharpen&src=https%3A%2F%2Fldb-phinf.pstatic.net%2F20220613_121%2F1655088379125KByqe_JPEG%2F%25B3%25D7%25C0%25CC%25B9%25F6%25BF%25EB.jpg,5.0,37.4825381525088,127.002237861854,,"서울특별시 서초구 효령로 165, 한진빌딩 2층 (서초동)",1219502578,서울 서초구 효령로 165 한진빌딩 2층
90,90,로그짐 강남역점,https://search.pstatic.net/common/?autoRotate=true&type=w560_sharpen&src=https%3A%2F%2Fldb-phinf.pstatic.net%2F20211019_64%2F1634616477500yPMa4_PNG%2FdM-dPnxmhIiAv9NlUld8kXu2.png,5.0,37.4983516923932,127.026394763383,02-537-9682,"서울특별시 서초구 서초대로77길 5, 진영빌딩 13층 (서초동)",1846589038,서울 서초구 서초대로77길 5 13층
91,91,바디스펙트럼2,https://search.pstatic.net/common/?autoRotate=true&type=w560_sharpen&src=https%3A%2F%2Fldb-phinf.pstatic.net%2F20211216_269%2F1639639047162gRKu1_PNG%2FKakaoTalk_20211216_161345675.png,5.0,37.4942643848404,127.028259839376,02-586-2369,"서울특별시 서초구 강남대로53길 7, 강남애니타워 3층 301호 (서초동)",1084545069,서울 서초구 강남대로53길 7 애니타워 301호
92,92,헬링짐,https://search.pstatic.net/common/?autoRotate=true&type=w560_sharpen&src=https%3A%2F%2Fldb-phinf.pstatic.net%2F20211123_54%2F1637660387168WXGpB_JPEG%2FKakaoTalk_20211123_174954148.jpg,4.89,37.5158432186369,127.018002243591,,"서울특별시 서초구 나루터로 75, 금산빌딩 지하1층 (잠원동)",none,
93,93,비바라짐 내방점,https://search.pstatic.net/common/?autoRotate=true&type=w560_sharpen&src=https%3A%2F%2Fldb-phinf.pstatic.net%2F20220117_135%2F1642385389239j62ur_JPEG%2F%25BA%25F1%25B9%25D9%25B6%25F3%25C1%25FC%25B7%25CE%25B0%25ED.jpg,,37.4875261941992,126.994201615542,025982555,"서울특별시 서초구 서초대로 108, 3층 301호 (방배동)",1050676823,서울 서초구 서초대로 108 제3층 301호
94,94,로그짐 서초우성점,https://search.pstatic.net/common/?autoRotate=true&type=w560_sharpen&src=https%3A%2F%2Fldb-phinf.pstatic.net%2F20220429_249%2F1651189032300RL4EL_PNG%2F1651188824197.png,5.0,37.4925789859992,127.029267185467,02-587-9682,"서울특별시 서초구 사임당로 180, 보원빌딩 1층 (서초동)",1412716644,서울 서초구 사임당로 180 1층 107호 로그짐 서초우성점
95,95,PT MATE,https://search.pstatic.net/common/?autoRotate=true&type=w560_sharpen&src=https%3A%2F%2Fldb-phinf.pstatic.net%2F20220215_40%2F1644905431174htRGz_JPEG%2F1-4.jpg,,37.5037734153892,127.009915631535,02-6449-6800,"서울특별시 서초구 고무래로 6-3, 삼공빌딩 지층 201호 (반포동)",1836816361,서울 서초구 고무래로 6-3 삼공빌딩 B201
96,96,짐에브리원,https://search.pstatic.net/common/?autoRotate=true&type=w560_sharpen&src=https%3A%2F%2Fldb-phinf.pstatic.net%2F20220210_22%2F1644498911086Ukn7y_JPEG%2Fimage.jpg,4.97,37.4860317945544,126.983083699338,02-6407-1331,"서울특별시 서초구 서초대로 3-4, 413-1호 (방배동, 방배디오슈페리움1)",1403416985,서울 서초구 서초대로 3-4 디오슈페리움1차 413-1호
97,97,윤형준 트레이닝센터,https://search.pstatic.net/common/?autoRotate=true&type=w560_sharpen&src=https%3A%2F%2Fldb-phinf.pstatic.net%2F20181003_147%2F15385669989707FhOQ_JPEG%2FtwjJ5Ah6WZo57JEwO4iV2c5j.jpg,,37.478484171758,127.000609943539,,"서울특별시 서초구 방배로6길 10-15, 대영빌딩 (방배동)",1527950785,서울 서초구 방배로6길 10-15 지하 1층
98,98,알앤디피티,https://search.pstatic.net/common/?autoRotate=true&type=w560_sharpen&src=https%3A%2F%2Fldb-phinf.pstatic.net%2F20211216_165%2F1639616051921y4Een_JPEG%2FCE68F248-811B-4AE5-A3A9-F9B301AC14EA.jpeg,,37.4656623427545,127.022142311822,,"서울특별시 서초구 성촌1길 12, 우면삼성프라자-2 401호 (우면동)",1209601318,서울 서초구 성촌1길 12 삼성프라자 2차 4층 401호
99,99,닥터 펠리체 짐,https://search.pstatic.net/common/?autoRotate=true&type=w560_sharpen&src=https%3A%2F%2Fldb-phinf.pstatic.net%2F20211122_74%2F1637560542643sChA1_JPEG%2FLogo.jpg,,37.4770127866652,126.982475800902,02-525-2665,"서울특별시 서초구 방배천로 5-1, 8층 (방배동)",none,
100,100,서리풀PT,https://search.pstatic.net/common/?autoRotate=true&type=w560_sharpen&src=https%3A%2F%2Fldb-phinf.pstatic.net%2F20211004_79%2F1633329149264slWgg_JPEG%2F5CheMReCymN2wYu4y9CB2WiY.jpg,,37.4826422973805,126.997210159254,,"서울특별시 서초구 방배로 92, 2층 (방배동)",1904870547,서울 서초구 방배로 92 진오피스 2층 서리풀 PT
101,101,앤써 휘트니스,https://search.pstatic.net/common/?autoRotate=true&type=w560_sharpen&src=https%3A%2F%2Fldb-phinf.pstatic.net%2F20220720_282%2F1658284925531O01dF_JPEG%2F%25B4%25D9%25BF%25EE%25B7%25CE%25B5%25E5.jpg,,37.5123955766487,127.018265749639,,"서울특별시 서초구 신반포로47길 47, 인정빌딩 (잠원동)",1107766605,서울 서초구 신반포로47길 47 지층
102,102,짐엑스텐,https://search.pstatic.net/common/?autoRotate=true&type=w560_sharpen&src=https%3A%2F%2Fldb-phinf.pstatic.net%2F20211230_106%2F1640852539396npUoL_JPEG%2F%25C1%25B6%25B8%25ED.jpg,,37.4876613660552,127.0116272059,070-7778-7820,"서울특별시 서초구 사임당로 13, 동화빌딩 5층 (서초동)",1418718994,서울 서초구 사임당로 13 5층 Gym X10
103,103,에브리데이 PT,,,37.482846352786,126.982355947718,,"서울특별시 서초구 동작대로 70, 6층 (방배동)",1171655486,서울 서초구 동작대로 70 6층 에브리데이PT
104,104,블랙포스짐 교대점,https://search.pstatic.net/common/?autoRotate=true&type=w560_sharpen&src=https%3A%2F%2Fldb-phinf.pstatic.net%2F20220502_168%2F1651468069799NLpik_PNG%2F%25BA%25ED%25B7%25A2%25C6%25F7%25BD%25BA%25C1%25FC.png,,37.4952363509414,127.015274497181,,"서울특별시 서초구 서초대로53길 10, 서일빌딩 지층 (서초동)",1732770907,서울 서초구 서초대로53길 10 지하1층
105,105,파인어스PT,https://search.pstatic.net/common/?autoRotate=true&type=w560_sharpen&src=https%3A%2F%2Fldb-phinf.pstatic.net%2F20220119_160%2F1642527189440QYoJD_JPEG%2FCB72EB92-1A52-40C2-82F6-2023710A6A1C.jpeg,,37.4797008226468,127.041481919794,02-576-9208,"서울특별시 서초구 양재천로29길 21, 가온 빌딩 2층 (양재동)",1531806898,"서울 서초구 양재천로29길 21 가온빌딩, 2층"
106,106,유얼짐,https://search.pstatic.net/common/?autoRotate=true&type=w560_sharpen&src=https%3A%2F%2Fldb-phinf.pstatic.net%2F20220712_92%2F1657619057561nRfzm_JPEG%2FKakaoTalk_20220712_184129055.jpg,,37.5035142112248,127.023275952591,,"서울특별시 서초구 사평대로56길 5, 아멜리아 지2층 (서초동)",1652150089,서울 서초구 사평대로56길 5 06611
107,107,(주)다이나믹케어,https://search.pstatic.net/common/?autoRotate=true&quality=95&type=w750&src=https%3A%2F%2Fldb-phinf.pstatic.net%2F20220228_66%2F1646034698459YqcMg_JPEG%2Fdynamiccare_%25B7%25CE%25B0%25ED.jpg,,37.4923165838485,127.028649677024,02-6326-0717,"서울특별시 서초구 사임당로 174, 강남미래타워 5층 503호 (서초동)",none,
108,108,매일핏,https://search.pstatic.net/common/?autoRotate=true&type=w560_sharpen&src=https%3A%2F%2Fldb-phinf.pstatic.net%2F20220308_27%2F1646738610860mrKDS_JPEG%2F4.jpg,,37.5081033115199,127.019756177739,,"서울특별시 서초구 사평대로53길 93-19, 지층 (반포동)",1512961350,
109,109,F45 교대,https://search.pstatic.net/common/?autoRotate=true&type=w560_sharpen&src=https%3A%2F%2Fldb-phinf.pstatic.net%2F20211227_262%2F1640590518006HAAtS_JPEG%2FDSC07815.,,37.4961190313207,127.01411488983,,"서울특별시 서초구 서초대로51길 24, 3층 (서초동)",1715397578,
110,110,글로우짐,https://search.pstatic.net/common/?autoRotate=true&type=w560_sharpen&src=https%3A%2F%2Fldb-phinf.pstatic.net%2F20210911_147%2F1631344204800wamao_JPEG%2Ft8FlMAION3Wn5NC2rk5dOyGj.jpeg.jpg,,37.5024216076756,127.012154473385,02-591-8448,"서울특별시 서초구 고무래로 32, 반포트라이엄프메딕스빌딩 지층 (반포동)",1745859115,
111,111,나만의GYM,https://search.pstatic.net/common/?autoRotate=true&type=w560_sharpen&src=https%3A%2F%2Fldb-phinf.pstatic.net%2F20220328_252%2F1648474267689hCDBP_JPEG%2F20220310_202154.jpg,,37.4882347498646,127.013488684094,,"서울특별시 서초구 사임당로 31, 궁현빌딩 지층 A호 (서초동)",1597485570,
112,112,내셔널짐 서초점,,,37.4918506404669,127.025236485997,,"서울특별시 서초구 사임당로 143, Cross 143 4층 407,408호 (서초동)",none,
113,113,테디짐PT 서초래미안,https://search.pstatic.net/common/?autoRotate=true&type=w560_sharpen&src=https%3A%2F%2Fldb-phinf.pstatic.net%2F20220527_221%2F1653645413252Ptt4Y_JPEG%2FIMG_2940.jpeg,,37.4974284760361,127.019150618212,,"서울특별시 서초구 서초대로65길 13-10, 2층 207호 (서초동, 서초래미안아파트)",1313330433,
114,114,클래시 휘트니스,https://search.pstatic.net/common/?autoRotate=true&type=w560_sharpen&src=https%3A%2F%2Fldb-phinf.pstatic.net%2F20220508_129%2F1651991071275YfxhQ_JPEG%2FCLASSY_GYM_LOGO-1.jpg,,37.4857345072402,127.013793744607,02-2039-3391,"서울특별시 서초구 효령로53길 24, 디아레나 서초 지층 101호 (서초동)",1570042225,
115,115,더 퍼스트 피티 스튜디오,https://search.pstatic.net/common/?autoRotate=true&type=w560_sharpen&src=https%3A%2F%2Fldb-phinf.pstatic.net%2F20220119_11%2F1642581214310U3JmO_JPEG%2F%25B4%25F5%25C6%25DB%25BD%25BA%25C6%25AE%25B7%25CE%25B0%25ED.jpg,,37.4959808982018,127.014188255063,02-3482-1112,"서울특별시 서초구 서초대로51길 22, 명산빌딩 2층 (서초동)",1162918074,
116,116,엑스(x)휘트니스,https://search.pstatic.net/common/?autoRotate=true&type=w560_sharpen&src=https%3A%2F%2Fldb-phinf.pstatic.net%2F20210405_120%2F1617616064946I54FM_JPEG%2F30U9o3ApXTo07mRRw1Kr4l61.jpg,,37.456115498066,127.01378344297,,"서울특별시 서초구 양재대로2길 109, 상가동 2층 201호 (우면동, 서초호반써밋)",none,
117,117,보리스짐 교대,https://search.pstatic.net/common/?autoRotate=true&type=w560_sharpen&src=https%3A%2F%2Fldb-phinf.pstatic.net%2F20210803_240%2F162795637907026KRa_JPEG%2F5lxFHBHvQl1vQNS-dGWmi2Gb.jpg,5.0,37.4915904303325,127.014522584596,02-584-1113,"서울특별시 서초구 서초중앙로 110, 지하1층 (서초동, 서초동롯데캐슬메디치)",1758579957,
