,id,name,img,grade,lat,lng,phoneNumber,address,naver_map_url,address2
0,0,나우휘트니스,https://search.pstatic.net/common/?autoRotate=true&type=w560_sharpen&src=https%3A%2F%2Fldb-phinf.pstatic.net%2F20211019_299%2F1634632821873UXA4z_JPEG%2FEMjFWVFj-7tJBwgjnSUVoOIz.jpg,,37.5506474264789,127.144288436536,481-9679,서울특별시 강동구 양재대로 1626 (명일동),31161009,서울 강동구 양재대로 1626 4층 401호
1,1,스포힐 휘트니스,https://search.pstatic.net/common/?autoRotate=true&type=w560_sharpen&src=https%3A%2F%2Fldb-phinf.pstatic.net%2F20210928_185%2F1632808249560nkFLP_JPEG%2Fe1Fg6nUARNYo0tcjz5IErZYF.jpg,4.78,37.5404637146353,127.146699285076,02-470-3138,"서울특별시 강동구 명일로 243 (길동, 서울시산림조합빌딩)",1115043372,서울 강동구 명일로 243 3층
2,2,선린남여헬스클럽,,,37.5287025352002,127.136066310873,487-6987,서울특별시 강동구 양재대로 1371 (성내동),1118616215,서울 강동구 양재대로 1371 3층7호
3,3,탑 헬스클럽,https://search.pstatic.net/common/?autoRotate=true&type=w560_sharpen&src=https%3A%2F%2Fldb-phinf.pstatic.net%2F20150831_150%2F1440997816482cYV5m_JPEG%2F106568517655521_0.jpg,,37.5429916123078,127.141259812474,473-1119,서울특별시 강동구 양재대로 1535 (천호동),13156800,서울 강동구 양재대로 1535
4,4,고위드 피트니스,https://search.pstatic.net/common/?autoRotate=true&type=w560_sharpen&src=https%3A%2F%2Fldb-phinf.pstatic.net%2F20220516_114%2F1652679136615f12Fl_PNG%2F%25B0%25ED%25C0%25A7%25B5%25E5-%25B8%25ED%25C0%25CF2.png,,37.5538571094692,127.143944021144,481-4864,서울특별시 강동구 양재대로 1661 (명일동),1223511233,서울 강동구 양재대로 1661 시온캐슬 B2 고위드 피트니스 명일
5,5,피트니스 다움,https://search.pstatic.net/common/?autoRotate=true&type=w560_sharpen&src=https%3A%2F%2Fldb-phinf.pstatic.net%2F20191202_25%2F1575241202329cRqyY_JPEG%2FbAst2JL4ukgPHcDPLpkmVfDD.jpg,,37.5372073343198,127.12676817356,475-4131,"서울특별시 강동구 천호대로 1034 (성내동, 탑 메디칼센타)",1137572773,"서울 강동구 천호대로 1034 6층,7층"
6,6,S휘트니스,https://search.pstatic.net/common/?autoRotate=true&type=w560_sharpen&src=https%3A%2F%2Fldb-phinf.pstatic.net%2F20220524_167%2F1653370069987GloGR_JPEG%2F%25C5%25A9%25B1%25E2%25BA%25AF%25C8%25AF%25C0%25CC%25B4%25EB%25C0%25C7b-a001.jpg,4.9,37.5313831843913,127.130403587005,489-5566,"서울특별시 강동구 풍성로45길 18 (성내동, 중앙아파트)",35194868,서울 강동구 풍성로45길 18
7,7,MY GYM,https://search.pstatic.net/common/?autoRotate=true&type=w560_sharpen&src=https%3A%2F%2Fldb-phinf.pstatic.net%2F20220325_94%2F1648193069922weDQz_JPEG%2F20220130_144726.jpg,4.67,37.5546198628524,127.154105278912,428-0061,"서울특별시 강동구 고덕로 256 (명일동, 명성프라자)",1416220390,서울 강동구 고덕로 256 12층
8,8,썸바디 휘트니스,https://search.pstatic.net/common/?autoRotate=true&type=w560_sharpen&src=https%3A%2F%2Fldb-phinf.pstatic.net%2F20200702_28%2F1593660167870x5HId_JPEG%2FKakaoTalk_20200702_122205459.jpg,4.87,37.5438941945689,127.142566201861,482-0997,"서울특별시 강동구 양재대로 1550 (길동, 은호빌딩)",37495871,서울 강동구 양재대로 1550 은호빌딩 8층 썸바디휘트니스
9,9,와이키키휘트니스,https://search.pstatic.net/common/?autoRotate=true&type=w560_sharpen&src=https%3A%2F%2Fldb-phinf.pstatic.net%2F20160313_100%2F1457863712948g3sEX_JPEG%2F176263593852679_0.jpeg,,37.5352870340168,127.139475951525,02-472-7677,서울특별시 강동구 양재대로 1450 (길동),20625992,서울 강동구 양재대로 1450
10,10,비나이더 둔촌동역점,https://search.pstatic.net/common/?autoRotate=true&type=w560_sharpen&src=https%3A%2F%2Fldb-phinf.pstatic.net%2F20220713_177%2F1657676288424IUFTC_PNG%2F%25C8%25AD%25B6%25FB_%25B1%25E8%25C7%25F6%25BC%25BA_v4.png,,37.5268826423806,127.134695601656,02-6262-0820,"서울특별시 강동구 양재대로89길 16 (성내동, 파크프라자)",1416694983,서울 강동구 양재대로89길 16 지하2층
11,11,제스트짐,https://search.pstatic.net/common/?autoRotate=true&type=w560_sharpen&src=https%3A%2F%2Fldb-phinf.pstatic.net%2F20210902_66%2F1630582252957yWaqy_JPEG%2FkACRGDmPNamEN-0XG4MEd71a.jpg,4.71,37.5316068000518,127.12559371975,02-482-8820,서울특별시 강동구 풍성로38길 9 (성내동),31269579,서울 강동구 풍성로38길 9
12,12,삼성 피트니스 그레이,https://search.pstatic.net/common/?autoRotate=true&type=w560_sharpen&src=https%3A%2F%2Fldb-phinf.pstatic.net%2F20220515_282%2F165257975586567TT0_JPEG%2F%25B0%25F1%25C7%25C11.jpg,,37.5348495313719,127.143517478926,02-488-8965,서울특별시 강동구 천호대로 1193 (길동),1404056901,서울 강동구 천호대로 1193 3층
13,13,타워토탈 휘트니스,https://search.pstatic.net/common/?autoRotate=true&type=w560_sharpen&src=https%3A%2F%2Fldb-phinf.pstatic.net%2F20180113_8%2F1515842306469yCRJm_JPEG%2FaX5okohKMuFnqjWqmT0Khncj.JPG.jpg,4.17,37.5532988356176,127.154782936805,02)442-2130,"서울특별시 강동구 동남로73길 26 (명일동, 명일씨티코아B1, 53호)",20661800,서울 강동구 동남로73길 26 고덕복합빌딩
14,14,커브스 길동클럽,https://search.pstatic.net/common/?autoRotate=true&type=w560_sharpen&src=https%3A%2F%2Fldb-phinf.pstatic.net%2F20210303_237%2F1614749325816nFBmU_PNG%2FqL3nKNE3GDTIfFJZCw6JBZ27.png,4.2,37.5382235781836,127.140459465668,02)488-1973,"서울특별시 강동구 양재대로 1484-1, 4층 (길동, 서원빌딩)",21305811,서울 강동구 양재대로 1484-1
15,15,커브스 둔촌클럽,https://search.pstatic.net/common/?autoRotate=true&type=w560_sharpen&src=https%3A%2F%2Fldb-phinf.pstatic.net%2F20210716_207%2F1626424362842UThqA_PNG%2FnDJ8E_VjB-uWiXQpX0RpR7EM.png,,37.5255782960195,127.134903109178,,"서울특별시 강동구 양재대로 1335, 동부빌딩  201호 (성내동)",36528813,서울 강동구 양재대로 1335 동부빌딩 201호
16,16,카인드 짐,https://search.pstatic.net/common/?autoRotate=true&type=w560_sharpen&src=https%3A%2F%2Fldb-phinf.pstatic.net%2F20211118_100%2F1637225266000BtyTn_JPEG%2F3.%25C5%25E4%25C5%25A9%25C1%25B801.jpg,4.78,37.5649623335076,127.174603355856,426-9682,"서울특별시 강동구 아리수로 427, 중앙프라자 10층 (강일동)",99955839,"서울 강동구 아리수로 427 10층 (강일동,중앙프라자)"
17,17,업투 선사역점,https://search.pstatic.net/common/?autoRotate=true&type=w560_sharpen&src=https%3A%2F%2Fldb-phinf.pstatic.net%2F20220526_26%2F1653531811573MvaEd_JPEG%2F2345t6yujk.jpg,,37.5549629751793,127.137534131713,02-3426-8802,서울특별시 강동구 고덕로 109 (암사동),1253761105,서울 강동구 고덕로 109 3층 업투 휘트니스
18,18,M PT GYM,https://search.pstatic.net/common/?autoRotate=true&type=w560_sharpen&src=https%3A%2F%2Fldb-phinf.pstatic.net%2F20150901_70%2F1441073606594cOb5s_JPEG%2F33920331_0.jpeg,,37.5447800056278,127.144240238074,02-6229-0071,서울특별시 강동구 양재대로128길 25 (명일동),33920331,서울 강동구 양재대로128길 25
19,19,세종텔레콤 피트니스 센터,https://search.pstatic.net/common/?autoRotate=true&type=w560_sharpen&src=https%3A%2F%2Fldb-phinf.pstatic.net%2F20210420_201%2F1618897536504J9I4I_JPEG%2FoEmzU-neOLfKFKe789ELuqGQ.jpg,,37.5507989598659,127.174104292142,3415-4928,"서울특별시 강동구 상일로10길 36 (상일동, 세종텔레콤지식산업센터)",1541294813,서울 강동구 상일로10길 36
20,20,노블레스클럽,https://search.pstatic.net/common/?autoRotate=true&type=w560_sharpen&src=https%3A%2F%2Fldb-phinf.pstatic.net%2F20151201_288%2F1448980804370k3dxt_JPEG%2F167151637023349_0.jpeg,,37.5345568374059,127.144665419318,,서울특별시 강동구 천호대로 1200 (둔촌동),36744814,서울 강동구 천호대로 1200 4층
21,21,Fitness Classic,https://search.pstatic.net/common/?autoRotate=true&type=w560_sharpen&src=https%3A%2F%2Fldb-phinf.pstatic.net%2F20210811_141%2F1628640439308a5tep_JPEG%2FftvpUYT1XNz-vIjCcZPESNgf.JPG.jpg,4.91,37.5378612798048,127.148276995511,476-6988,"서울특별시 강동구 천호대로 1239, 상가동 지층 101호 (길동)",1749152341,서울 강동구 천호대로 1239 지하1층
22,22,New body PT gym,https://search.pstatic.net/common/?autoRotate=true&type=w560_sharpen&src=https%3A%2F%2Fldb-phinf.pstatic.net%2F20150813_121%2F1439450069156ewMmB_JPEG%2F166761587071862_0.jpeg,,37.5299978861782,127.13154949367,070-5025-4810,"서울특별시 강동구 성안로 71, 지층 (성내동)",37009302,서울 강동구 성안로 71 소망빌딩 B1
23,23,커브스 천호클럽,https://search.pstatic.net/common/?autoRotate=true&type=w560_sharpen&src=https%3A%2F%2Fldb-phinf.pstatic.net%2F20200501_56%2F1588335673031Rd4my_JPEG%2F9hVqyNJBvRAMmjvyqmmDV8_T.JPG.jpg,4.86,37.5393391659214,127.123301730964,02-470-0030,"서울특별시 강동구 천호대로 997, 502호 (천호동, 신라빌딩)",37490609,서울 강동구 천호대로 997 신라빌딩 5층
24,24,올댓컨디셔닝,https://search.pstatic.net/common/?autoRotate=true&type=w560_sharpen&src=https%3A%2F%2Fldb-phinf.pstatic.net%2F20160629_119%2F14671844612930MytH_JPEG%2F176579564440479_0.jpeg,,37.5241603490433,127.133909572195,,서울특별시 강동구 양재대로89가길 56 (성내동),38262452,서울 강동구 양재대로89가길 56
25,25,스타트라인,https://search.pstatic.net/common/?autoRotate=true&type=w560_sharpen&src=https%3A%2F%2Fldb-phinf.pstatic.net%2F20170315_189%2F1489541489221bDJiy_JPEG%2F186265506148936_0.jpeg,4.98,37.5240672132671,127.130992455402,02-6448-1121,"서울특별시 강동구 양재대로81길 64 (성내동, 코스카 빌딩)",580939641,서울 강동구 양재대로81길 64 코스카 빌딩
26,26,위너바디,https://search.pstatic.net/common/?autoRotate=true&type=w560_sharpen&src=https%3A%2F%2Fldb-phinf.pstatic.net%2F20220704_45%2F1656929357481jGh26_JPEG%2FKakaoTalk_20220704_183716161.jpg,4.95,37.540555377209,127.124975762766,,"서울특별시 강동구 올림픽로 664, 2층 (천호동, 대우 한강 베네시티)",38461173,서울 강동구 올림픽로 664 대우한강베네시티 2층
27,27,KCA트레이닝센터,,,37.5291463309836,127.134367625157,471-5543,서울특별시 강동구 풍성로 204 (성내동),38332479,서울 강동구 풍성로 204 B1 kca트레이닝센터
28,28,차선생 body factory,https://search.pstatic.net/common/?autoRotate=true&type=w560_sharpen&src=https%3A%2F%2Fldb-phinf.pstatic.net%2F20170622_65%2F1498095354790TVWom_JPEG%2F186572506574171_0.jpeg,4.96,37.5500327404591,127.125881628744,,서울특별시 강동구 상암로4가길 7 (암사동),851123446,서울 강동구 상암로4가길 7
29,29,스포애니 길동역점,https://search.pstatic.net/common/?autoRotate=true&type=w560_sharpen&src=https%3A%2F%2Fldb-phinf.pstatic.net%2F20170628_69%2F1498625853478zMbVg_JPEG%2F186576564871227_0.jpeg,4.26,37.5393037183438,127.140289392361,02-486-9618,"서울특별시 강동구 양재대로 1495 (길동, 만종빌딩)",960874888,"서울 강동구 양재대로 1495 만종빌딩 2,3,4층"
30,30,펄스짐,https://search.pstatic.net/common/?autoRotate=true&type=w560_sharpen&src=https%3A%2F%2Fldb-phinf.pstatic.net%2F20191118_147%2F1574077536890OlLyC_JPEG%2F-tuCtY-c05suR1VHEprK5BZ8.JPG.jpg,4.95,37.5346033324204,127.135156170058,6140-5844,서울특별시 강동구 천호대로 1116 (성내동),1549836239,서울 강동구 천호대로 1116 2층
31,31,컨베이지,https://search.pstatic.net/common/?autoRotate=true&type=w560_sharpen&src=https%3A%2F%2Fldb-phinf.pstatic.net%2F20180711_81%2F15312776983263x50S_JPEG%2F6ZMeT20Zu1JNLx9OkGeqytQh.jpg,,37.5355472561559,127.146896026942,,"서울특별시 강동구 천호대로 1224, 현대크리닉빌딩 201호 (둔촌동)",1504390701,서울 강동구 천호대로 1224
32,32,스포애니 천호초교점,https://search.pstatic.net/common/?autoRotate=true&type=w560_sharpen&src=https%3A%2F%2Fldb-phinf.pstatic.net%2F20190607_177%2F1559893043277ckhcW_JPEG%2FdH_ugm90IwsTq6lNoyH2djEy.jpg,3.83,37.5467270340876,127.134809493652,02-484-9618,"서울특별시 강동구 구천면로 304, 일주빌딩 (천호동)",1912068310,서울 강동구 구천면로 304 일주빌딩 1층
33,33,바디온,https://search.pstatic.net/common/?autoRotate=true&type=w560_sharpen&src=https%3A%2F%2Fldb-phinf.pstatic.net%2F20211229_128%2F1640754668635Wg7XP_JPEG%2FScreenshot_20200708-231418_Gallery.jpg,,37.5338931109162,127.144558916412,,서울특별시 강동구 명일로 167 (둔촌동),1797391502,서울 강동구 천호대로162길 17 1층
34,34,UC PT&YOGA,https://search.pstatic.net/common/?autoRotate=true&type=w560_sharpen&src=https%3A%2F%2Fldb-phinf.pstatic.net%2F20220703_10%2F1656829783568g4ixI_JPEG%2FKakaoTalk_20220703_152925275.jpg,,37.5370665677501,127.147509879628,,"서울특별시 강동구 명일로 200-33, 3층 (길동)",1616754940,서울 강동구 명일로 200-33 3층
35,35,TEAMK 퍼스널트레이닝,https://search.pstatic.net/common/?autoRotate=true&type=w560_sharpen&src=https%3A%2F%2Fldb-phinf.pstatic.net%2F20200313_70%2F1584076796585cKodO_JPEG%2FteOmfoWJ-WWYsjR5FhtsKM6T.jpg,,37.554156377051,127.154528830061,,"서울특별시 강동구 동남로75길 29, 세종프라자 (명일동)",1612643026,서울 강동구 동남로75길 29 세종빌딩 B1
36,36,로드스타 휘트니스,https://search.pstatic.net/common/?autoRotate=true&type=w560_sharpen&src=https%3A%2F%2Fldb-phinf.pstatic.net%2F20201106_239%2F1604624470819iEK9R_JPEG%2FygoaAsU0dR4ynvsbWaQkA588.jpg,4.86,37.5484192774053,127.172979013168,,"서울특별시 강동구 상일로 15, 2층 (상일동)",1902384158,서울 강동구 상일로 15 2층
37,37,PT1987,,,37.5326269931652,127.122428449226,02-477-1987,"서울특별시 강동구 풍성로 92, 한스빌딩 -1호 (성내동)",561563720,서울 강동구 풍성로 92 한스빌딩 지하 1층
38,38,콤마짐,https://search.pstatic.net/common/?autoRotate=true&type=w560_sharpen&src=https%3A%2F%2Fldb-phinf.pstatic.net%2F20220704_72%2F1656908316742TP2we_JPEG%2FKakaoTalk_20220626_152310939.jpg,4.89,37.5539579257605,127.154637177627,02-441-7707,"서울특별시 강동구 동남로75길 27, 고덕역갑을명가시티 오피스텔 -1층 (명일동)",1733054330,서울 강동구 동남로75길 27 갑을명가시티 지하1층
39,39,테라피티 천호,https://search.pstatic.net/common/?autoRotate=true&type=w560_sharpen&src=https%3A%2F%2Fldb-phinf.pstatic.net%2F20220513_248%2F1652434580933dCRTo_JPEG%2FKakaoTalk_20220513_183356194_02.jpg,5.0,37.5358996397466,127.125402238414,02-488-9682,"서울특별시 강동구 천호옛길 82, 토바빌딩 -1층 (성내동)",1965792544,서울 강동구 천호옛길 82
40,40,J Class Gym,https://search.pstatic.net/common/?autoRotate=true&type=w560_sharpen&src=https%3A%2F%2Fldb-phinf.pstatic.net%2F20210608_51%2F1623109446402QO1E3_JPEG%2F_uHBcDjge-3wN3BJArKnu41N.jpeg.jpg,,37.5517892812087,127.132027328622,,"서울특별시 강동구 암사길 25, 2층 (암사동)",1030598732,서울 강동구 암사길 25 2층
41,41,더 스탠다드 짐,https://search.pstatic.net/common/?autoRotate=true&type=w560_sharpen&src=https%3A%2F%2Fldb-phinf.pstatic.net%2F20201007_13%2F1602028008241zRpLd_JPEG%2FB6ikjFEVZqo4I7BqaPeTd5Ar.jpeg.jpg,,37.5606867530587,127.156343594712,02-9282-0080,"서울특별시 강동구 동남로81길 8, 고덕크리닉 5층 (고덕동)",1719765850,서울 강동구 동남로81길 8 5층 더 스탠다드 짐
42,42,드림핏퍼스널트레이닝센터,https://search.pstatic.net/common/?autoRotate=true&type=w560_sharpen&src=https%3A%2F%2Fldb-phinf.pstatic.net%2F20220227_118%2F1645927876987BNc8n_PNG%2F1644840484772-0.png,,37.5356574949286,127.145182687143,,"서울특별시 강동구 명일로 189, 초우빌딩 6층 (길동)",1369399046,서울 강동구 명일로 189 초우빌딩 6층
43,43,업투 상일동역점,https://search.pstatic.net/common/?autoRotate=true&type=w560_sharpen&src=https%3A%2F%2Fldb-phinf.pstatic.net%2F20220609_169%2F1654731295296a8AsU_PNG%2F%25C1%25A6%25B8%25F1%25C0%25BB-%25C0%25D4%25B7%25C2%25C7%25D8%25C1%25D6%25BC%25BC%25BF%25E4_-001_%252857%2529.png,4.91,37.5572260091644,127.168978454847,02-481-1101,"서울특별시 강동구 고덕로 391, 종점빌딩 -2층 (고덕동)",1128493369,서울 강동구 고덕로 391 종점빌딩 지하2층
44,44,엘리트짐 길동점,https://search.pstatic.net/common/?autoRotate=true&type=w560_sharpen&src=https%3A%2F%2Fldb-phinf.pstatic.net%2F20220704_124%2F1656915539250Ypmdq_JPEG%2F7%25BF%25F9_%25C7%25C1%25B7%25CE%25B8%25F0%25BC%25C7.jpg,4.9,37.5359334960721,127.139022091256,02-477-8250,"서울특별시 강동구 양재대로 1457, 부에노빌딩 -1층 (길동)",1430204879,서울 강동구 양재대로 1457 지하1층
45,45,해부학적 운동 성내5호점,https://search.pstatic.net/common/?autoRotate=true&type=w560_sharpen&src=https%3A%2F%2Fldb-phinf.pstatic.net%2F20210405_72%2F16175535833831IlBr_JPEG%2FiSLRrj46eQAcOGout7VncFUb.jpeg.jpg,,37.525522008646,127.129405097323,,"서울특별시 강동구 성안로 17, 정안빌딩 5층 (성내동)",1142422380,서울 강동구 성안로 17 5층
46,46,놀힘,,,37.5244903913839,127.131822412556,,"서울특별시 강동구 강동대로53길 35, 협성빌딩 2층 (성내동)",21902155,서울 강동구 강동대로53길 35 협성빌딩 206호
47,47,JYGym,https://search.pstatic.net/common/?autoRotate=true&type=w560_sharpen&src=https%3A%2F%2Fldb-phinf.pstatic.net%2F20210628_33%2F1624850760541DLroo_JPEG%2FiIRMK9TBK_3e_i_nqnxD_F9Z.jpg,,37.5500760001275,127.126292491049,,"서울특별시 강동구 상암로4길 10, 엘베강 2층 201호 (암사동)",1079880828,서울 강동구 상암로4길 10 2층 201호
48,48,VIP짐,https://search.pstatic.net/common/?autoRotate=true&type=w560_sharpen&src=https%3A%2F%2Fldb-phinf.pstatic.net%2F20220308_139%2F1646716695776hkFxO_JPEG%2Fimage.jpg,,37.5467125369278,127.171296793024,,서울특별시 강동구 천호대로 1469-1 (상일동),1429872519,서울 강동구 천호대로 1469-1 3층
49,49,피트니스온 둔촌점,https://search.pstatic.net/common/?autoRotate=true&type=w560_sharpen&src=https%3A%2F%2Fldb-phinf.pstatic.net%2F20220520_115%2F165303504274872l26_JPEG%2FKakaoTalk_20220419_124640813_11.jpg,4.88,37.5339935650085,127.143234004803,,"서울특별시 강동구 천호대로 1186, 원경빌딩 (둔촌동)",1110612727,서울 강동구 명일로 167 B1
50,50,리빌드 바디,https://search.pstatic.net/common/?autoRotate=true&type=w560_sharpen&src=https%3A%2F%2Fldb-phinf.pstatic.net%2F20211207_36%2F1638860840681ctINA_JPEG%2FKakaoTalk_20211207_160101047_03.jpg,,37.5576891371776,127.148600236458,,"서울특별시 강동구 아리수로50길 50 (고덕동, 래미안힐스테이트고덕)",1696175278,"서울 강동구 아리수로50길 50 고덕래미안힐스테이트상가 지하1층 103,104"
51,51,피니쉬 짐,https://search.pstatic.net/common/?autoRotate=true&type=w560_sharpen&src=https%3A%2F%2Fldb-phinf.pstatic.net%2F20170329_216%2F1490797557773EijgA_JPEG%2F186279635577656_0.jpeg,,37.5341634273786,127.13651974477,,"서울특별시 강동구 천호대로 1128, 웰빙메디컬빌딩 (성내동)",502342967,서울 강동구 천호대로 1128 웰빙메디컬빌딩 4층 402호
52,52,에이블짐 길동역점,https://search.pstatic.net/common/?autoRotate=true&type=w560_sharpen&src=https%3A%2F%2Fldb-phinf.pstatic.net%2F20220714_61%2F1657767768377xsSge_JPEG%2FKakaoTalk_20220714_111623653.jpg,4.98,37.5373607499164,127.139268457231,024770718,서울특별시 강동구 양재대로 1471 (길동),1393340110,서울 강동구 양재대로 1471 동선빌딩 B1층 에이블짐
53,53,운동하는날 암사점,https://search.pstatic.net/common/?autoRotate=true&type=w560_sharpen&src=https%3A%2F%2Fldb-phinf.pstatic.net%2F20220707_244%2F1657178395166b7hSd_PNG%2F%25C7%25C1%25B7%25CE%25B8%25F0%25BC%25C71.,,37.5522058244885,127.127923785718,,"서울특별시 강동구 올림픽로 795, 서울유치원 (암사동)",1185922100,서울 강동구 올림픽로 795 2층 202호
54,54,선물같은시간,https://search.pstatic.net/common/?autoRotate=true&type=w560_sharpen&src=https%3A%2F%2Fldb-phinf.pstatic.net%2F20220317_146%2F1647526107576QGhQq_JPEG%2F%25BC%25B1%25B9%25B0%25B0%25B0%25C0%25BA%25BD%25C3%25B0%25A3_%25287%2529.jpg,,37.5491249330663,127.148851204427,,"서울특별시 강동구 구천면로 456, 한성빌딩 3층 (명일동)",1340848904,서울 강동구 구천면로 456 한성빌딩 3층
55,55,미미피티,https://search.pstatic.net/common/?autoRotate=true&type=w560_sharpen&src=https%3A%2F%2Fldb-phinf.pstatic.net%2F20220630_183%2F16565636261004cCCA_PNG%2F%25C7%25C1%25B7%25CE%25C7%25CA_%25B9%25DA%25B1%25A4%25B9%25CE.png,,37.5367040128134,127.135707130269,02-474-8818,"서울특별시 강동구 진황도로 81, 강동투웨니퍼스트 B1층 (길동)",1256487353,서울 강동구 진황도로 81 강동투웨니퍼스트 B1 미미피티
56,56,김현진153GYM,https://search.pstatic.net/common/?autoRotate=true&type=w560_sharpen&src=https%3A%2F%2Fldb-phinf.pstatic.net%2F20220722_200%2F1658484560090ytVvq_JPEG%2FKakaoTalk_20220722_122056559.jpg,,37.5412622469126,127.14087262558,,"서울특별시 강동구 양재대로 1517, 남해빌딩 (천호동)",1369701270,서울 강동구 양재대로 1517 B1
57,57,밀리언짐,https://search.pstatic.net/common/?autoRotate=true&type=w560_sharpen&src=https%3A%2F%2Fldb-phinf.pstatic.net%2F20211206_213%2F1638762195721S7PjS_PNG%2Fdknfkandfkls.png,5.0,37.5508126685585,127.126869071397,,"서울특별시 강동구 상암로3길 8, 암사동정웅빌딩 (암사동)",1636097813,서울 강동구 상암로3길 8 지하 1층 밀리언짐 암사
58,58,SOMA FIT-IN,https://search.pstatic.net/common/?autoRotate=true&type=w560_sharpen&src=https%3A%2F%2Fldb-phinf.pstatic.net%2F20220429_275%2F1651212958097p5IrA_JPEG%2FKakaoTalk_Photo_2022-04-29-15-12-56_010.jpeg,,37.5280823085105,127.127486616671,,"서울특별시 강동구 성내로 65, 지하1층 (성내동, 집앤사베니아파트)",1246751602,서울 강동구 성내로 65 집앤사베니아파트 지하1층
59,59,다윗헬스클럽,https://search.pstatic.net/common/?autoRotate=true&type=w560_sharpen&src=https%3A%2F%2Fldb-phinf.pstatic.net%2F20220506_224%2F1651812126899FXYQr_GIF%2Fsale.g,,37.5504524291279,127.141401542747,,"서울특별시 강동구 구천면로 384, 동곡빌딩 (천호동)",36229926,서울 강동구 구천면로 384 지하1층
60,60,모션짐,https://search.pstatic.net/common/?autoRotate=true&type=w560_sharpen&src=https%3A%2F%2Fldb-phinf.pstatic.net%2F20220509_233%2F1652084460637dBoeJ_JPEG%2F1649851009564_%25281%2529.jpg,,37.5369606441203,127.135840767389,,"서울특별시 강동구 천호대로173길 39, B1층 (길동, 다성 이즈빌)",1810458205,서울 강동구 천호대로173길 39 B1 모션짐
61,61,크로스핏 쓰리박스,https://search.pstatic.net/common/?autoRotate=true&type=w560_sharpen&src=https%3A%2F%2Fldb-phinf.pstatic.net%2F20220523_83%2F1653257781270YXDga_JPEG%2FEC3728EA-A5F6-4DC9-8060-F45BA79BC86F.jpeg,,37.5529279795177,127.128830262682,,"서울특별시 강동구 올림픽로 806, 지하1층 (암사동, 까사팔공육)",1486936133,서울 강동구 올림픽로 806 까사빌딩 지하 1층
62,62,라이프체인지 PT,https://search.pstatic.net/common/?autoRotate=true&type=w560_sharpen&src=https%3A%2F%2Fldb-phinf.pstatic.net%2F20190513_199%2F15577515573844TjNF_JPEG%2FwB66uFUXjBoZo_gyw-8ENqNt.jpg,4.96,37.5362289438681,127.139776972253,,"서울특별시 강동구 양재대로 1462, 남양빌딩 2층 (길동)",1541880405,"서울 강동구 양재대로 1462 2층, 라이프체인지PT"
63,63,올바른 PT,https://search.pstatic.net/common/?autoRotate=true&type=w560_sharpen&src=https%3A%2F%2Fldb-phinf.pstatic.net%2F20220529_290%2F16537546388681zrV5_JPEG%2FKakaoTalk_20220528_224836071.jpg,,37.5498514746766,127.126205201629,,"서울특별시 강동구 상암로4길 16, 동경빌딩 5층 (암사동)",1720556158,서울 강동구 상암로4길 16 5층
64,64,피트니즈 천호점,https://search.pstatic.net/common/?autoRotate=true&type=w560_sharpen&src=https%3A%2F%2Fldb-phinf.pstatic.net%2F20220707_126%2F1657180765521L0iMR_JPEG%2F00.jpg,,37.548454354945,127.136051396534,02-478-8820,"서울특별시 강동구 구천면로 328, 인성빌딩 3층 301호 (천호동)",1958230898,서울 강동구 구천면로 328 301호
65,65,휘트니스피플 우먼 길동점,https://search.pstatic.net/common/?autoRotate=true&type=w560_sharpen&src=https%3A%2F%2Fldb-phinf.pstatic.net%2F20220711_120%2F16575066868074eDKR_JPEG%2F%25C8%25D6%25C7%25C7_%25BD%25E6%25B3%25D7%25C0%25CF.jpg,,37.5385752794508,127.14057632813,02-477-3912,"서울특별시 강동구 양재대로 1488, 길동 5층 (길동)",1470519461,서울 강동구 양재대로 1488 한일빌딩 5층
