﻿company_id,review0,review1,review2,review3,review4,review5,review6,review7,review8,review9
0,"코치님한테 수업 듣고 있어요. 다른 헬스장에서는 고중량으로 무게치면서 운동해서 관절이나 근육 다친 적이 많아 또 다칠까봐 겁이 많은 편인데 코치님은 저중량으로 차근차근 가르쳐주시니까 다칠 걱정도 없고 제 체형에 맞게, 제 체형에서 더 이쁜 몸 가꿀 수 있는 방법 으로 운동 가르쳐줘서 너무 좋은거 같아요!💪 피티수업만 하고 혼자 개인운동 가면 낯설고 쌤이랑 수업한거 까먹고 엉뚱하게 운동할 때도 있는데 그럴 때 쌤 시간되시면 운동 봐주시면서 혼자 운동하는 법?도 알려주시니까 피티하는 동안만 하는 웨이트가 아니라 계속해서 지 속가능한 운동을 배울 수 있어서 만족합니다🥰",시설이 깨끗하고 운동복이나 수건도 잘 구비되어 있어서 좋아요 피티 수업이 체계적인게 느껴지고 포기하려고 할때 쌤이 옆에서 파이팅있게 가르쳐주셔서 더 열심히 하게되네요 만족스러워요,여기 넘 좋네여.. 체성분 검사하구 코치님께 상담했는데.. 역쉬 구관이 명관.. 제가 헬스장 여러군대 다녔는데.. 경력많은 코치님 역쉬다르네여..상당히 젠틀하신분 같아여.. 👍🏻,소문듣고왔어요! 유코치님이 직접 체성분검사 후 상담해주시고 기본지도 해주셨는데 넘 재미있게 배워가고 있습니다. 조금이라도 더 가르쳐 주실려고 하는 모습에 감동! 😘😘😘,"다리랑 무릎이 안 좋아서 어떤 운동을 해도 휴식기간이 필요했는데 선생님이 한명한명 체형에 맞게 개별적으로 동작 안내해주시고, 불편한 부분이 있으면 다른 자세로 운동 효과를 볼 수 있게 해주셔서 현재 너무 만족하며 다니고 있습니다😊 근육량도 늘고 운동하는 법도 많이 배우고 날로 건강해지는 게 느껴져요! 늘 콤플렉스 였던 부분도 확실히 짚어주시고 교정 도와주셔서 눈에띄게 나날이 달라지고 있음을 느끼고 저처럼 운동 시작할까말까 고민하는 분들께 적극 추천합니다!👍👍",허리에 무리가 자주 오는 직업을 가진 터라 늘 그게 고질병이였는데 여기 다니고 나서부턴 선생님들께서 너무 잘 지도해주신 덕분에 확실히 전보다 몸이 가벼워짐을 느낍니다~3~ 확실히 운동하고 나면 잘못된 자세와 생활습관으로 틀어진 몸이 많이 고쳐지고 체력도 많이 올라와요. 굉장히 세세하고 다양하게 배울 수 있어서 만족도가 높고 짧은 시간 안에 확실한 효과를 만들어내는 능력이 있으신 것 같아서 넘 만족스럽습니다 ^^!,단기간에 다이어트 하고싶은데 솔직히 제 역량으로는 터무니없이 부족해서 찾아보던 중 지인이 여기 괜찮다고 해서 상담받으러 방문했다가 너무나 친절하고 꼼꼼하셔서 바로 등록했어요 :) 몸이 둔해서 헬스장 가도 모든 동작이 어렵고 기구사용도 영 힘들고 그랬는데 여기서는 확실히 기초부터 탄탄하게 잘 잡아주시니 저같은 초보도 쉽게 따라할 수 있어서 너무 만족스러워요 :) 말뿐이 아닌 자세교정부터 운동법까지 하나하나 자세하게 알려주시니 점점 몸이 탄탄해짐을 느낍니다 !!,피티 처음 받아보는데 힘들긴 해도 운동하고 나면 너무 뿌듯하네요 하체비만이라서 하체 위주로만 운동하면되나 했는데 몸균형을 맞춰서 계획을 짜주시더라구요 운동 많이 배우고 있습니다!,그룹으로 하는 수업은 들어봤어도 개인 피티는 처음인데 자세 끝까지 봐주시고 제 몸상태에 맞춰서 운동 계획 짜주시는 것 같아서 만족스러웠어요 변화되는 모습이 보이는 것 같아여,차분하고 체계적으로 알려주세요
1,"원래 다니던 헬스장이 있어 작년부터 꾸준히 일일입장으로 이용하고있습니다. 처음 왔을때부터 친절히 설명해주시고 항상 변함없이 대해주셔서 오는동안 늘 기분 좋게 운동하고 가네요! 프리웨이트존, 머신, 유산소존이 구분이 잘 되어있어 이용하기 편리하고 샤워실, 탈의실도 잘 되어있습니다! 앞으로도 계속 이용할 것 같아요 럭키헬스 흥하세요!",유산소도 다양하게 할 수 있어서 너무 만족했어요!,리모델링 했는지 넓직하고 중화2동에서 제일 좋은거 같아요!!,기구도 많고 시설도 깔끔해서 운동하기 너무 좋아요. 사장님도 친철하시고 너무 좋으세요,시설도 좋고 깔끔하고 너무 친절하세요^^,시설 엄청 깨끗하고 회원권도 엄청 저렴해서 좋았어요!!!-!,"유산소 자전거만 할 수 있는 곳이 따로 있고, 다른 곳에는 많이 없는 천국의 계단 !! 운동 기구 있어욥 ! 😋",관장님 쌤 너무 친절하고 잘 알려주세요. 너무 좋아서 피티도 40회하고 또 연장해서 다니고 있어요. 참 스승을 원하는 분은 여기로 오세요 너무 좋습니다.,관장님께서 너무 친절하시고 운동복도 비치되어있고!! 시설이 깔끔해서 운동하기에 너무 좋았습니다! 감사합니다 또 이용하겠습니다 ♡,관장님 친절하시고 시설짱입니다!
2,,,,,,,,,,
3,굿,좋아요,"찜질방 안되는 방도 많으면서 전화로문의할때 안내없음, 여탕은 탕 물도 안받아놓음 들어가기전에 안내도없음 최악다신안가요",굿,좋아요,좋아요,굿,좋아요,굿,굿
4,좋네요,시설이 짱 운동경치도짱이야요,,,,,,,,
5,오픈 하고부터 계속 재등록 하면서 다니고 있어요! 강사님도 오픈 때부터 그대로시고 수업도 체계적으로 더 잘 가르쳐주세요 센터 실장님과 매니저님도 친절하시고 주변 다른 센터들에 비해 시설 대비 가격도 저렴해서 앞으로도 쭉 재등록 예정입니다! 추천해요!!!,매장이 깨끗하고 쾌적해요~ 수업이 다양해서 좋고 쌤들이 자세를 잘 잡아주세요~^0^ 요가쌤.필라테스쌤.모두 만족!!👍 1년째 이용중인데 확실히 라인이 달라져요~~☺️,필라테스 기구.요가.유산소 운동까지 다양하게 운동할수 있어서 너무 좋아요. 예약제로 운동 시간을 미리 예약할 수 있어서 스케줄 관리도 편하고. 운동이 끝나면 기구 소독을 하고 이동하니 코로나인 시기에도 안심하고 운동할수 있네요.,"통합 프리미엄 센터라서 정말 편하게 이용하고 있어요~ 기구필라테스, 플라잉요가, 정통요가, 번지플라이, 유산소룸까지 진짜 모든 것을 한곳에서 이용할 수 있어서 좋아용~!! 저는 요즘 플라잉요가 배우고 있는데 너무 잘 알려주셔서 재밌고 효과만점이에요.",기구필라테스 수업도 체계적으로 잡아주셔서 근력이 생기는것 같아요. 매주 금요일에 요가수업도 하니 한주의 마무리가 즐겁네요~~,인테리어 보고 깜짝 놀랐어요~ 너무 고급스럽고 프라이빗하게 구성되어 있어서 운동하기 정말 좋더라구요!! 시설도 만족!! 쌤 친절함은 대만족!!,자세를 너무 잘 잡아 주셔서 운동 효과가 좋아요. 그리고 제가 허리에 통증이 심했는데 체형교정하면서 통증도 많이 완화되고 있습니다~~,"회원이 많아서 빈 곳만 쇽쇽 사진 찍었어요! 이사와서 운동 시작한 곳인데 상담도 잘 해주시고 가격도 합리적이에요. 플라잉요가 필라테스 매트요가 번지플라이등 여러 수업이 있어 골라듣는 재미가 있고, 폰으로 예약하는 방식이라 편리해요. 앞으로 이 동네에선 여기서 운동 쭉 다닐 것 같아요. 아! 유산소룸(런닝머신)도 있는데 수업이 없는 날에도 쓸 수 있어서 좋아요.",규모가 엄청 크고 쾌적해서 마음에 들었어요. 그리고 기구 필라테스 배우고 있는데 자세도 잘 봐주시고 항상 깨끗하게 관리되서 좋습니다.^^,두번째 재등록했어요. 강사분들도 개인강습처럼 하나하나 잡아주시고 나의 체형과 몸상태에 맞게 티칭해주세요. 운동후에 마시는 커피도 아주 맛있어요. 운동맛집 커피맛집입니다!
6,#운동시작 #인증,,,,,,,,,
7,,,,,,,,,,
8,결혼후 10일차 제대로 운동해보라는 남편의 권유에 알아보던중 친구가 고투 면목점을 장기간 다니고 있어 추천받아 이용하게 되었네요 처음 헬스장의 첫인상은어르신들께서 트레이닝된 자세로 너무 열정적이게 운동하는걸 보고 정말 자극을 받았어요! 벌써 10회 등록후 PT가 끝났네요 제대로 하려면 10회는 어림없는횟수예요 더끈어야 제대로 할수있죠! 헬스장에서 어떻게 한시간 있나 했던 저는 이제 웨이트는 바른자세와 습관의 중요성도 몸소 느낌 하루는하체 스쿼트로 지옥도 맛봤다지요~~^^ 운동은 꾸준히 해야 효과가 있고 하니 PT받으며 배운거 기록하고 꾸준히 운동하면서 온전히 내꺼로 만들어야겠어요 최윤정쌤과 함께한 pt는 정말 하길 잘한거같아요! 기구 종류도 다양하게 많고 GX룸등 다양해서 지루함없어요! 쌤 감사했어요!,"재등록 할 만큼 정말 맘에 드는 헬스장입니다. 레이나PT쌤은 체계적으로 가르쳐 주시고, 자세 교정에, 아픈곳까지 치료해 주시는 능력까지 있으세요. (신기할정도임ㅎㅎ) 제가 PT를 재등록 할 만큼, 지인을 소개해 줄 만큼, 좋은 헬스 장 입니다.","참 여러 헬스장을 다녀봤지만 지상층에 이만한 공간을 가진 곳은 찾기 힘들거에요. 요즘에야 지상층, 고층에 헬스장들 많다지만 지상층에서 이정도 공간을 통째로 쓰는 헬스장은 거의 없을겁니다👍 그리고 센터에 계신 선생님들 정말 모두 운동에 대한 열정도 요기 면목점에 대 한 자부심도 대단하신 분들이십니다🔥🔥 나유미쌤에게 운동 배운지도 3년은 넘어가고있는데 그 전에 혼자 아둥바둥 다치고 몸 상해가면서 했던것들 정~말 많이 바뀌었어요. 쌤 수업 강도 절대 쉽지 않아요ㅋㅋ 근데 왜 그런 과정이 필요한지 몸이 알아주게되는것 같아요. 왜 이 동작을 연습해야하는지, 왜 성급하게 다음진도로 나가면 안되는지 회차가 지날 수록 더 깊이 알아가게 됐습니다. 나유미쌤 수업은 정말 빌드업 최강코스에요👍👍",라운더솔더라... 어떤운동을 시작해도 항상 3개월쯤되면 부상이 따라오곤했는데... 면목점 유미쌤을 만나고나서는...체형교정후 다양한운동을 부상없이 몇년간 쭈욱~~ 즐겁게 운동을하고있네요^-^*,민영준 트레이너님께 PT 받은지 3개월 정도 됐습니다! 항상 꼼꼼히 자세 봐주시고 설명도 알아듣기 쉽게 해주셔서 개인운동 할때도 런닝머신만 타다가 집에 가는게 아니라 올바른 자세와 운동기구 사용법으로 운동할 수 있게 됐어요ㅎ 시설도 항상 깔끔히 관리돼있어서 쾌적하게 운동할 수 있어 좋습니다👍🏻,"최윤정 선생님에게 피티 받고 있는 중입니다^^ 운동을 오랫동안 쉬어서 몸이 많이 굳어있고 체력이 많이 떨어져있는 상태였는데, 수준에 맞게 친절하고 쉽게 자세를 잘 알려주셔서 편안하게 수업에 잘 따라갈 수 있었습니다~ 제 몸이 어떤 상태인지 객관적으로 잘 알려주 시고 어떻게 자세교정해야 할지 코치도 잘 해주셔서 참 좋아요~ 그리고 새로운 스트레칭, 근력운동이 나올때마다 밴드에 사진과 영상과 함께 유의해야할 점들도 메모로 남겨주셔서 개인운동할 때 도움이 많이 되고 있습니다~ 그동안 피티쌤 한 네명정도 거쳐갔었눈데 최윤 정쌤한테 받은 피티가 가장 만족도가 높은 것 같아요^^",일단...하..제 잘못이죠 잘알아보고 다녔어야했는데 가격에 비해 시설이 정말...2000년대 초반 시설수준으로 열악합니다. 네..사실 시설은 중요하지 않다고 생각합니다만 팀장분이신지 남자 트레이너분 정말 불친절하시네요 고객에 입장에서 늘 좋게 대하는데 가는말이 고와도 오는말이 퉁명스러운건 무슨 경우입니까... 살면서 이런 리뷰는 또 처음 남겨봅니다 너무 심각하다고 느껴서....그냥 빨리 회원권 남은 기간 하고 끝내겠습니다. 앞으로 고투라는 체인자체에 불신이 생긴것같네요 번창하세요,유미트레이너쌤께 열심히 받고있어요.허리통증때문에 시작했는데 자세가 너무좋아지고 통증이 없어져서 운동도 배워야 되는걸 느꼈어요. 수업이 빡씨긴한데 좋아지는걸 알아버려서 계속 같이 운동하고싶어요!!,"시설도 좋고, PT쌤도 좋으시고, 관리 직원도 친절 합니다.",운동하기에 시설도 깔끔하고 넓어서 좋아요! 선생님께서 자세도 잘 잡아주시고 체계적으로 스케줄 관리해주셔서 믿고 다니고 있습니다:) 나유미선생님 덕분에 몸이 건강해지고 있어여~!
9,센터가 넓고 좋아요 얼른 코로나가 줄어서 GX 수업이 늘어나길 바라요 :),조아요,굿,,,,,,,
10,친절하고 좋아요~,친절해요.,친절해요,친절해요,,,,,,
11,굉장히 넓고 쾌적합니다.,상담 친절하게 잘 해주셔서 기분좋게 등록했어요. 가격도 합리적이고 넓고 쾌적하게 운동할수있어요,넓고 쾌적하고 좋아요.,동네헬스장중 제일 쾌적,아들운동,좋아요,좋아요,굿,굿,좋아용 근데 천국의 계단 기계 있었으면 좋겠어용
12,오해해서 죄송합니다 머쓱... 18년도에는 청소하시는 분 예전엔 따로 있었던 걸로 기억하는데 코로나 때문에 그런 걸까요? 하여튼 그때 바로 말씀드려서 오해 풀었어야 했는데 죄송해요 좋은 하루 되시고 좀 이따 봬요...,탈의실시설이 조금 부족하지만 운동하는곳은 괜찬아요~~~,,,,,,,,
13,헬스장이 넓고 기구 종류도 다양해 쾌적하게 운동할 수 있어서 좋습니다. 직원분들도 친절하시고 이용료도 저렴해서 가심비 최고!!!,시설 너무깔끔하구 퇴근하고 멀리서 오는데 주차요금도 무료에요 ! 선생님들도 너무 친절하시구 공간이 넓고 운동기구도 많구한데 가격이 너무 저렴해요!!,5년째 재등록 하고 있는 찐 회원입니다. 트레이너 분들이 오래되신 분들이 계셔서 친절하기도 하고운동도 너무 잘 가르쳐 주시고 자기관리도 열심히 하시고 시설도 어려운 운동기구가 아닌 필요한 기구들로만 있어서 너무 좋아요!!,ㆍ,좋아요,좋아요,좋아요,벤치가 많아서 좋습니다,좋아요,좋아요
14,,,,,,,,,,
15,추천합니다,장비도 적고 좋은편은 아니지만 상봉 근처에서는 가장 저렴해서 가성비 좋아요,굿입니다,"층이 나눠져 있는데 한층은 스트레칭 공간이 넓고 맨몸운동 위주로 운동할 수있는데 조용하게 이용할 수 있어서 좋았고, 한층은 머신들 위주로 되어 있어서 운동 방식에 따라 구분되어 이용할 수 있는 점이 좋았습니다.","가성비로는 우리동네에서 최고에요! 샤워장 시설 좁고 관리 잘안되고 수건, 운동복 깨끗하진 않지만 집에서 젤 가깝고 젤 저렴해서 다녀요!",친절합니다,"살이 갑자기 쪄서 혼자 운동하기는 엄두가 안나서 pt를 시작했는데, 트레이너 선생님도 친절하게 잘 알려주시고 무엇보다 다이어트효과가 눈에 띄게 보이니까 운동할 맛이 나네요. 감사합니다 ㅎㅎ",몇년째 믿고 가는 카인드라이프~!! 저렴한 가격에 운동 할수있어서 너무 좋습니다👍🏻,인포 직원 예의없음,기구가 많이 없고 좁긴 한데 저렴해서 좋아요
16,굿,좋아요,면목동 최고시설 최고의 선생님들 자부합니다,짱 좋아요,좋아요,피티 받으러 오는곳이지만 원래다니는 헬스장이 초라할정도로 기구가 좋아욧 선생님들도 친절하십니다,운동 하기 너무 좋아요! 쌤들도 너무 좋아여! 피티 하기 너무 좋습니다 화이팅,직원분들도 친절하시고 운동기구도 많고 관리도 잘되어있어서 좋습니다.,이사오고 새로 다닐 센터를 찾다가 등록했어요~주변 센터들이랑 가격대비 시설을 비교해보느라고 시간은 좀 걸렸는데 여기 오자마자 오래 다니기 좋을 것 같아서 바로 일년 등록했습니다. 센터가 쾌적하고 좋은 기구들도 많아서 아주 만족하면서 다니고 있습니다:) 큰 규모의 센터가 아니라 적당한 기구 있을 줄 알았는데 좋은 기구들이 많은데다가 계속 더 좋은거 찾아서 들이시더라구요! 기구욕심 많은 센터는 믿고 다니쥬 👍👍 그리고 선생님들도 친절하시고 방역 관리도 잘 되고 있어서 더 좋아요!!,고구마사장님의 지속적인 기구추가로 덕분에 헬린이는 너무 행복합니다
17,그 유명한 천국의계단 머신이 2대 있어서 좋고ㅎㅎ 전체적으로 깔끔하고 웨이트 운동하기 좋아요~,"단언컨데 중랑구에서 제일 좋은 헬스장입니다. 제가 헬스장 어디갈지 고민 많이 했는데 우선 ‘24시간’, ‘연중무휴’ , ‘다양한 머신들’ 팀키스짐이 유일했습니다. 또 트레이너 선생님과의 자세한 상담을 통해 잘 갖춰진 pt프로그램 덕분에 체지방 12%감량 후 정말 도전해보고 싶었던 바디프로필도 성공했습니다! 여태껏 정말 후회없는 선택중 하나가 팀키스짐 온거에요 ㅠㅠ 트레이너 한분 한분 모두 친절하시고, 무료 pt 2회 덕분에 운동초보자인 저도 정확한 자세를 배우면서 자신있게 헬스를 즐길 수 있었습니다. 트레이너분들이 정말 잘 알려주세요! 궁금한 거 있으면 세심하게 스트레칭존도 있고 유산소, 웨이트(하체, 등 , 어깨 등) 기구들이 정말 많아서 운동이 잘 됩니다. 남녀노소 불문하고 운동하기 좋은 헬스장!",연중휴무라 일일입장으로 이용했는데 좋네요.,선생님들이 다들 너무 친절하고 시설이 운동하는 사람들을 위한 기구로 꽉차있어서 나무 좋아요!!!,24시간 운영하는게 너무 좋아요 기구가 엄청 많고 넓어요 지하가 아니라서 그런지 운동할때도 답답하지 않아요 또 방문할께용,크리스마스라서 꾸며져 있고 신나게 즐겁게 운동할수 있네요,재방문 한 이유가 여기있습니다. 기구들이 다양해서 운동할 맛이 납니다. 연중무휴라는 점이 가장 좋습니다.,대표님께 운동 배우러 첨 갔다가 2년 가까이 팀키스에 눌러 앉았습니다!! 장담하는데 한 번 와보면 다른데 못갑니다! 요즘 헬스장들에서 찾아보기 힘든 기구맛집에 트레이너 분들 친절하시고 헬스장 고민중이라면 두 말 필요없이 일단 가보시길 강추!!,전신 운동 힙 등 어깨 가슴 근육들을 자극을 시킬수 있는 기구들이 다양하고 노래도 정말 신나는 것만 나와서 운동하기 너무 적합합니다 상봉 헬스장은 팀키스짐인것같아요 ㅎㅎ감사합니다!,언제와도 좋은곳 팀키스짐~!
18,개인 PT는 여기서만 해요. 우피 실장님 나의 몸매 주치의 찡! 다른 선생님들도 잘 가르치시고 좋아요.,,,,,,,,,
19,"저는 평상시에 운동하고는 상당히 거리를두는 편이라, 건강에 적신호가 온 채로 첫 수업을 받게 되었습니다. 상담도 비교적 부담없이 마음 편안히 해주셨지만, 제일 좋았던 점은, 그냥 수업을 어떻게든 나가는대로 하는 것이 아니라, 그전에 관장님께서 상담 때 잠시 받은 체력테스트로 저의 몸 컨디션을 파악하시고 본인의 컨디션에 무리없이 충분히 소화하면서 나아갈 있겠끔 운동으로 지도하십니다. 덕분에 수업 끝나고 나오는 길에 한결 가벼운 컨디션으로 나왔네요. 그전에 운동에 대해 잘 모르거나 몸에 익혀오지 않았어도 충분히 한스텝씩 잘 따라갈 수 있어서 감사합니다.","친절하시고 무료 상담인데도 꼼꼼히 봐주십니다! 전.. 체력이 너무 안 좋아서 체력테스트도 힘들었지만, 끝까지 할 수 있게 옆에서 코치해주셔서 좋았습니다. 바로 수업 결정은 안 하고 조금 고민하고 온다고 했는데, 쿨하게 고민하고 오라고 말씀하셔서 놀라기도 했습니다 ㅎㅎ 결국 운동하기로 굳은 결심을 해서 한달 결제했습니다! 열심히 해볼게요~",방문 상담 한 후에 등록했습니다! pt는커녕 운동도 제대로 해보지 못했기에 그동안의 제 체력은 쓸애기가..되었지만 이런 쓸애기 체력도 할수있을 정도의 운동을 알려주셨습니다 그리고 무리하지 않는 선에서 친절하고 세심하게 알려주셔서 너무 좋았습니다!👍👍,상담도 자세하게 해주시고 엄청 꼼꼼하게 잘 봐주세요 ㅎㅎ 자세 하나하나 !! 엄청 파이팅 있으셔서 기분좋게 다녀왔네요 ☺️☺️👍🏻👍🏻👍🏻 저도 건강한 몸 만들어보려고 피티 끊고왔습니다!! 저만 알고싶은곳이에요 ㅜㅜ 🫰🏻,"안녕하세요 방문하였을 때, 친절하게 상담해주셔서 너무 좋았습니다. 선생님께서 재활을 받아야 하는 부위의 문제점과 운동에 대해서 꼼꼼히 이야기해주셔서 너무 감사하다는 생각이 들었습니다. 다음 주중에 다시 연락드리겠습니다!",일단 너무 친절하시고 상담도 굉장히 꼼꼼하게 해주세요!! 가격이 찾아본 곳 중에서 제일 저렴해요 전무적으로 배우고 싶으신 분들께 완전 추천이에요 상담만 받는 것도 눈치보이지도 않아서 좋았어요!,처음 시작하는 운동이라 정보가 없어서 걱정이 많았는데 설명을 잘해주셔서 너무 좋았어요:) 어떤 점이 부족하고 어떻게 보완하면 좋을지도 제안해주시고 무엇보다 유쾌하셔서 운동도 재미있게 시작할 수 있을것같아요!!✨✨ 다음 수업시간이 기대됩니당!!ㅎㅎㅎ,방문하고 나서 여러가지로 친절하고 상세히 상담해주셨습니다. 문제가 되는 점을 정확히 지적해주시고 운동 시 앞으로의 전망 등을 알려주셔서 좋았습니다. 사장님 또한 친절하고 친근하십니다.,헬스는 런닝밖에 안해봤는데 친절하게 설명해주셔서 운동을 잘할 수 있을 것 같은 기대감이 생겨 벌써 다이어트 된 기분입니다 너무 유쾌하게 상담해주셔서 즐거운 운동시간이 기대돼요 감사합니다!,제가 가지고 있는 질병들에 대해 친절히 상담해주셨고 체력테스트 하면서 아픈데 없는지 계속 체크해주셔서 좋았습니다. 선생님이 에너지넘치고 유쾌하신분 같아 몸은 힘들었지만(?) 기분좋더라구요 ~ 바쁜일 끝내놓고 등록 하러 가겠습니다 :)
20,우연히 알게되서 상담을 갔는데 친절하게 설명도 해주시고 제가 몰랐던 부분을 쉽게 이야기 해주셔서 너무 만족스러워요! 그리고 공기도 엄청 좋았어요!,운동하러가면 강아지가 있는데~~ 이름은 두부라고 하네요 두부 보면서 운동 하는데 너무 귀여워요 ㅠㅠ 운동하면서 시간 가는지 모르고 운동하고 왔습니다 수업할따 너무 빡세게 시키지만 뿌듯해요😂,헬스장에서만 운동하다 피티샵 처음 갔는데 사람 붐비지않아 좋아요! 운동도 잘 알려주시고 :),벌써 2년째 제드쌤한테 배우고 있어요. 친절하게 하나씩 잘 가르쳐주세요~ 👍👍,,,,,,
21,모르고 리뷰를 삭제해서 다시 남겨요..!! 상담만 받으러 갔다가 당일에 바로 결제 했어요 ㅎㅎㅎ 다들 넘 친절하시고 자세도 잘 봐주셔서 넘 좋았어요! 👍,엄마 등록하고 왔어요~대표님이 친절하시네요 자세히 설명도 잘해주시고요 만족합니다,재등록만 몇번째인지 모르겠어요. 하루 30분 투자의 결과가 인생을 매력있게 바꾸고 있습니다.,재등록했어요,체험 갔다가 결제하고 왔습니다 결론은 좋아요!,살 빠지고 건강해지는게 느껴지고 있어요! 꾸준히 다닐 생각입니다^^,여성전용이라 좋고 친절히 상담해주셨고 비용이 생각보다 저렴했어요,친절하세요~,굿,
22,,,,,,,,,,
23,상봉동 다 다녀봤는데 여기만한곳이 없음,2년 넘게 운동자판기 잘 다니고 있습니다!,시설이 엄청 깨끗하고 잘 알려주세요!,거의 2년째 다니고 있어요 ㅎㅎ 매일 가지는 못하지만 선생님들께서 너무 잘 알려주셔서 처음보다 정말 많이 좋아졌어요!! 다른 헬스장처럼 그저 피티영업만 하거나 초보자들을 무시하는 분위기도 없고 정말 친절하십니다 운동기구들도 상태 최상이고 환경도 정말 깨끗하고 깔끔해요!!,굿,여러군데 알아봤는데 일단 신축건물같아서 밖에도 깨끗하고 안에도 깔끔하니 괜찮았어요 사장님도 친절하고~운동쓰레기인데 설명 아주 잘해주셔서 너무 좋음!!^^딴데가면 너무 대충설명해주는데 여긴 완전 설명굿!알아듣기쉽게!!ㅋㅋ,"기구도 깔끔 하지만, 장소가 청결해요. 역에서 가까운것도 좋았고, 오래된 건물아니라서 건물 자체도 깔끔해요. 주차도 가능 하고요. 선생님들이 다들 친절 하셔서 PT 수업 안받아도 궁금한거 잘 알려주세요.",1. 청결해서 좋습니다! 2. 상봉역 3번 출구에서 2분 거리 입니다! 3. PT 수강생이 아니어도 궁금한 운동 및 기구 사용법에 대해 친절히 알려주세요!,리뷰 잘 안쓰는데 너무 잘해주셔서 감사하는 마음에 글 올립니다. 운알못인데 근처 알아보다 일회권으로 방문했었는데 다른 곳에 비해서 깔끔하고 북적거리지도 않아 좋네요. PT강요도 안하고 운동 방법이나 동작을 PT보다 더 자세히 알려주세요. 매번 잘 알려주셔서 1년 등록했습니다!! 엉덩이 머신 짱이에요!! 번창하세요~,깔끔하고 좋아요! 탈의실만 좀 더 넓으면 좋은텐데 … 이건 어쩔수없는거겠죵
24,귯귯,,,,,,,,,
25,좋아요~~,굿,,,,,,,,
26,처음으로 PT 받아봤는데 너무 만족스러워서 재등록 예정입니다! 허리 통증으로 피티를 시작하게 되었는데 트레이너 장호님이 몸 상태 컨디션 체크를 꼼꼼히 해주시고 이제 허리도 운동으로 많이 좋아졌어요! 운동 루틴을 항상 체계적으로 짜주시기 때문에 저 처럼 처음인 분들도 부담없이 시도해 봐도 좋을 것 같습니다! 시설도 깔끔하고 좋습니다!!👍👍,이장호 선생님께☺️ 5세션 받은 시점입니다. 고민이었던 라운드숄더는 3세션부터 해결됐고 같이 운동할때마다 ‘편안’하고 활기차게 이끌어주시고 부상 당하지 않도록 운동 처음부터 끝까지 신경 써 주십니다! 매일 거울 볼때마다 만족스럽습니다!,"살면서, 리뷰같은걸 써본적이없는데,7개월간 다니면서 제 자신이 변화되는데 지대한 영향을 준 온리엘이기에, 더더욱 번창하였음 하는마음에, 한번써봅니다! 저는 2021년 12월초부터 2022년 7월 지금도 온리엘에서 운동중인 휴먼입니다.과거의 저는 운동 따위는 숨쉬기밖에 안하고, 집앞떡볶이 사러갈때 20미터도 차를 타고 다니고, 하루 200보도 걷지않는, 슈퍼뚱보였습니다.매일하루일과는 먹고,자고,싸는것뿐이안하는 돼지새끼였는데 우연한 기회로 온리엘에 입관하여, 양원준트레이너님을 만나서, 지금은 23키로를 감량하여, 수퍼뚱보에서 통보로 거듭났습니다. 체계적인 수업과, 지루하지않은 운동법으로 저를 통보가되게해준 온리엘로 지금 엽떡을 먹으며, 이글을 보고있는 당신도 얼른와서 지금 운동시작하길 바랍니다. 사랑해요 원준쌤",운동기구도 공간도 깨끗해서 기분이 좋아요! 탈의실에 락커도 이용하기 좋아요👍🏼 선생님도 제 상태에 맞춰 체계적으로 알려주셔서 좋습니다아👍🏼❣️,장호 선생님한테 3월부터 피티받았는데 정말 잘 가르쳐주시고 몸이 완전히 변해서 신기합니다ㅎㅎ 피티샵 시설도 너무 좋아요 1:1피티샵이라 집중도 잘되고 깔끔하고 좋습니당!!😇,"체력이 많이 안 좋아져서 건강을 위해 피티를 알아보다가 선택한 곳이에요! 피티 처음 받아보는 건데 이장호 선생님이 친절하게 잘 가르쳐주셔서 벌써 3달 넘게 운동하고 있습니다😆 시설도 깨끗하고, 피티샵이라 그런지 시끄럽거나 북적이지 않아서 운동에 집중하기 좋아요👍🏻👍🏻","이장호 트레이너님께 P.T 받은지 두 달째 됐습니다. 결과적으로 근손실 없이 10kg 감량했고 당, 콜레스테롤, 간수치 세가지 다 정상범위로 들어오게 됐습니다. 평소에 식단 가이드 및 다양한 운동 방법, 자세 정확하고 친절하게 수업 가르쳐 주셔서 매우 만족하고 있습니다. 상봉 P.T 맛집이예요","재현코치님께 3번째 코칭 받았습니다 :) 운동을 많이 안해서.. 더이상은 안되겠다 싶어 시작했어요. 전신에 워낙 근력이 없어서 꾀 안내고 도움을 받고 싶어서, 등록했는데 아직 근력이 없는 저한테는 아주 심하게 무리 가지 않는 정도로 잘 코치해주셔요. 너무 아프면 일상생활에서 힘들까 무서워할텐데ㅎㅎ, 지금은 적당히 재미를 키워주시네요. 만족해요. 앞으로도 열심히 할게요! 감사합니다. 🌈",쾌적한 환경에 다양한 기구로 체계적이고 꼼꼼한 관리로 이곳을 선택하기 잘한거같습니다~~ 제 담당 재현코치님은 친절한 설명과 함께 운동할때는 너무 힘들지만 하고나면 개운한 기분을 느끼게 해주십니다~~,관절이 안좋아서 근력운동하기 힘들었는데 알려주신 자세로 했더니 아프지도 않고 오히려 관절이 더 건강해질 것 같습니다👍 매번 관절 괜찮은지 아픈덴 없는지 체크해주셔서 너무 좋습니다! 류재현트레이너님 좋아요👍
27,성주쌤 덕분에 건강하게 10키로이상 감량중이에요!! 다른 쌤들도 너무 친절하시고 운동기구들도 번쩍번쩍 새거라좋아요~ 다이어트는 계속진행중...🤣 울 성주쌤 최고👍👍,굿,개인 레슨 받고있어요,,,,,,,
28,선생님들 모두 친절하시고 잘 상담해주시고 시설이 깔끔합니다! 그룹 피티도 체계적이라 재미있게 수업했어요☺️👍👍,여성 전용이여서 좋고 그룹pt도 오전에 햇는데 인원이 적어서 좋네요. 그룹피티는 호불호가 잇을듯합니다.,굿,시설이 쾌적하고 깔끔해요🌝 선생님들도 친절하고 여성전용이라 엄청 만족하며 다닙니다👍🏻,깔끔하고 트레이너분들도 친절하세요!! 매일 쾌적하게 운동중입니다:-),여성 전용이라 편하고 시설이 쾌적해요. 트레이너 쌤들도 모두 친절하셔서 좋아요 😄,깨끗해요~,직원분들 친절하시고 시설도 깨끗해요!,좋아요!,"여성전용이라 그런지 굉장히 쾌적하고, 직원분들더 너무 친절하게 잘 설명해주셨어요^^"
29,제가 처음 다닌 헬스장입니다. 운동을 잘 몰라 어쩔 줄 몰라할 때 트레이너분들이 오셔서 친절하게 알려주셨습니다. 모르는 것을 물어볼 때도 항상 웃으며 알려주셨습니다. 청소도 자주 하시고 항상 깨끗하게 유지하십니다. 화장실도 냄새 안 나고 깔끔합니다. 머신의 품질도 좋고 다양합니다. 앞으로도 계속 다닐 예정입니다.,3개층으로 되어 있고 각 장소마다 컨셉이 달라서 돌아다니면서 운동하기 좋습니다. 한곳에 사람이 많으면 다른곳 이용가능합니다. 피티샘도 넘넘 친절하세요. 집 근처 가까워서 접근도 용이하며 시설 및 기구등 깨끗하고 최신이라 젊은 사람들이 많은것 같습니다,"시설도 엄청 깨끗하고 트렌디한 감성과 함께 분위기도 최고입니다! 운동할때 기분이 좋아요 ㅎㅎ건물 전체가 리얼타임 헬스장으로 각 층마다 필라테스, 요가, 유산소, 프리웨이트 등 분별되어있어서 수업할때도 혼자 운동할때도 너무 새롭고 좋더라구요!! 아 그리고 쌤들 설명도 너무 잘해주시고 올 해 첫 운동…친절하게 설명 잘 해주셔서 정말 감사합니다!👍🏻👍🏻","마노쌤이랑 피티 시작한지 2달만에 이런 변화가 생겼습니다!! 피티라고 해서 무조건적인 웨이트가 아닌 자세교정, 식단관리, 웨이트까지 전부 다 관리해주셔서 너무 좋아요! 피티받고 성공한 적이 없는데 이렇게 마노쌤 만나고 성공했네요👏👏 망우동 피티는 마노쌤이 최곱니 다!👍",처음 가보는 헬스장이었는데 정말 만족스라웠습니다. 직원 분들도 정말 친절하셨고 시설도 깨끗했습니다. 더 중요한건 좋은 머신도 다양하게 많아서 운동하기 좋은 환경이었습니다.,헬스장 규모고 크고 기구도 필요한 기구도 많아서 운동할 맛 납니다! 무엇보다 직원분들 트레이너분들 친절하고 개인적으로 중랑구에서 손에 꼽는 헬스장 같아요 한번 방문 꼭 해보세요!!,"여태 다녀본 헬스클럽중에 모든 쌤들이 제일 친절하고, 상담도 너무 잘해주십니다^^ 오티 수업도 너무 체계적이라 놀랐어요~ 없어지지 않는 이상 계속 다니고 싶네요ㅋㅋㅋ 여기 다니면서 헬스가 재밌다는걸 느끼게 해줬습니다^^!",집근처라 운동 시작 해보려구 왔는데 너무 좋아요~ 필라테스랑 헬스 같이 하려구요~ 친절한 상담 감사드립니다!!^^,집이랑 가까워서 좋고 트레이너 쌤들이 아주 친절하시고 상담도 잘 해주고 내부도 엄청 깔끔하고 좋아요.,다들 친절하시고 기구 많고 좋네요
30,,,,,,,,,,
31,처음 등록했는데 상담도 잘해주시고 좋았슴미다. 소극적인 운동마인드인데 훌륭하신 언변으로 적극적으로 카드를 긁을 수 있게됩니다. 운알못인데 상담할 때 근육 하나하나 설명해주시고 운동하며 많이 배워갈 수 있을 것 같슴미다.,빡센운동하고싶은 사람한테 너무 좋아요! 선생님들도 친절하시구 공간이 크진않아도 사람수가 적어서 오히려 좋아요ㅋㅋㅋ 너무 좁지도 안구요 위층은 자유운동공간이고 지하에 따로 더 넓게 운동 하는곳있어요,예약도 없이 오늘 상담받으러 갔는데 설명도 친절히 잘해주시고 시설도 좋아서 운동하기 좋아요!! 맛있는 음료도 감사합니다 ~,매일매일 운동이 달라서 지겹지 않고 몸의 한계가 어디까지인지 시험해 볼 수 있는 재미난 운동입니다 ㅎㅎㅎ 코치님들도 친절하시고 다치지 않고 배울 수 있어서 만족합네당 👍🏻👍🏻👍🏻,벌써 2년째 재등록중이예여!! 코치님 수업도 좋고 밝은 분위기에서 운동할 수 있어서 좋아요~ 수준별로 운동을 맞춰서해서 초보도 할 수 있고 무엇보다 몸이 넘 건강해져서 좋아영!!,생소한분야라서 걱정되는 맘으로 상담받으러 갔는데 상세하고 친절하게 알려주셔서 감사합니다!!ㅎㅎㅎㅎㅎ카페도 있어서 좋고 내부가 깔끔했어요!!!,집 근처라 등록하고 다니기로했는데 가르처주시는 코치님도 친절하시고 살도 빠지고 좋으네요 운동은 코치님이 내 수준에 맞춰 조절해서 알려주셔서 더 좋아요,역시 다이어트에는 크로스핏만한게 없네요. 근육량은 늘고 체지방은 줄었어요:) 코치님 세 분도 모두 친절하시고 운동 잘 알려주세요 :) 런닝이나 등산같은 운동 소모임도 있어서 잼있게 운동하고 있어요!!,1일차 크린이입니다..! 죽을 거 같진 않지만 집까지 혼자 갈 힘은 없습니다 :) 운동량이 평소 없으신 분들도 그에 맞춰 진행할 수 있습니다..!,엄청 친절하시고 운동알못인데도 체계적으로 잘 설명해주셔서 부담없고 좋아요👍 잘 배워서 잘하고 싶어요!
32,건강 및 다이어트를 하려고 마음 먹고 있던 와중에 집근처라 한번 방문을 해봤습니다. 대형헬스장과 달리 개인피티샵이라 북적북적하지않아서 마음에 들었고 무엇보다 요즘 청결이 우선인 코시국에 샤워실도 개인이 혼자 사용할 수 있게 되어있고 다른 운동 기구들과 헬스장 내부가 매우 깨끗하다는 걸 느낄 수 있었습니다. 개인 피티를 끊고 다닌 지 한달 정도 지났는데 꼼꼼하게 자세를 봐주시는 것은 물론 운동 후에도 다른 유혹에 빠지지 않게 빡세게 식단관리까지 해주시는 걸 보고 상당히 마음에 들었습니다. 올해는 바디이펙트에서 헬리이탈출해보겠습니다~~~! 강추!!,"헬린이의 첫 피티 도전 .. 💪🏻🔥 운동이라고는 숨쉬기뿐이고 매일 밤늦게까지 먹고 마시고 했더니 급 건강이 우려되어 마음먹고 운동을 시작했습니다! 헬스에 흥미가 없지만 이번 기회에 제대로 배워보고 싶어서 피티 도전! 처음엔 마음이 바뀔 수 있으니 10회만 등록했 는데 걱정과는 달리 이준엽 쌤이랑 같이 진행하면서 운동과 건강에 대해 매우 긍정적이게 바뀌었습니다 .. 매일 식단도 확인해 주시고(그래서 덜먹게되고 좋은 것만 먹게 된다는 .. ㅋ), 피티는 물론 개인운동까지 저한테 맞게 꼼꼼하게 관리해 주셔서 너무 좋았고 덕분에 한 달 동안 많이 배우고 운동에 흥미도 생겼어요! 이 느낌 고대로 갖구 앞으로도 열심히 운동하려고 30회 추가했습니다. 체지방 뿌시고 근육 키우기 목표 𖤐 바디이펙트 개.강.추 👍","이십대 후반이 되어서야 운동하고 싶은 마음이 생겨서 주변 헬스장, 피티샵 찾아보고 크몽까지 검색해 봤는데 바디이펙트에서 하길 잘했다는 생각에는 변함이 없습니다 😊 사실 처음엔 집에서 제일 가까우니까~! 하고 신청했던 건데 연장할 시점이 다가와서 학교와 회사 근처 로 알아봤는데... 관장님만큼 잘 알려주시는 분을 또 만나기 힘들 것 같아서 30회 추가 결제했습니다! 조금 게으르고 싶을 때도 열심히 북돋아 주시고 제가 자주 넘어져서 원래 무릎이 안 좋다는 걸 늘 고려해 주시고 컨디션에 맞는 운동, 식단을 추천해 주셔서 지치지 않고 재미있게 20회 마무리했네요! 몸 라인도 많이 바뀌었지만 제일 많이 바뀐 건 운동이 어렵지 않다는 마인드가 생겼다는 거예요! 남은 30회도 잘 부탁드립니다! 🥰",30회 재등록해버린 회원의 리뷰✨ 다리가 가늘어지고 싶고 근육이 없어서 등록! 다른 센터 피티도 받아봤지만 가장 만족😬 다리 살이 빠졌다는 말도 들으니 삶의 질과 자신감뿜뿜하시길 바라며 리뷰적어요! 준엽쌤이랑 3개월간 30회 피티를 받았는데 몸에 따라 운동 맞춰 주시고 컨디션 체크 해주셔서 정말 케어 받는다는 기분이 들었어요 열심히 하도록 격려하고 이끌어주셔서 더 열심히 하게 되었고 항상 선생님이 개인 운동 나오는지 물어보시고 그날 운동할 것도 챙겨주시니 자연스럽게 혼자서도 운동하는 습관이 들게 되었네요 각 부 위 운동 자세와 쓰이는 근육들에 대해 잘 알려주셨고 혼자라면 잘 안될 것도 옆에서 시켜주니 더 효과가 있더라고요 준엽쌤 덕분에 운동은 힘들다는 생각이였는데(힘들긴 하지만) 긍정적인 시선으로 바꼈답,"30회 후 재등록! 피티샵 시스템의 헬스장이 처음이라서 불편하지 않을까 걱정했는데 오히려 운동을 집중해서 배우기에 최적화 되어있어 좋고, 너무 잘 한 선택 같아요! 이준엽 쌤이랑 30회정도 진행했는데 자세 하나하나 디테일하게 포인트를 잡아주셔서 개인운동 할 때도 그대로 곱씹으면서 하다보니 점점 자세가 좋아질 수 있었어요! 수업 말고 개인운동 플랜도 신경 써주시고, 운동 이외에도 식단이나 생활습관, 다이어트 관련 정보들도 질문하면 세세하게 답해주셔서 믿고 따라갈 수 있다고 생각이 들었습니다. 다이어트 열심히 하다가도 그만하고 싶을때가 많은데 30회 하는 동안 정말 한결같이 잡아주는 선생님이 있어서 이만큼 지속할 수 있었던 것 같아요! 어디가서 이정도 케어 받을 수 있을까 하는 생각에 후회없이 재등록합니다! ㄱ",선생님 운동 체계적으로 잘 알려주시고 식단관리도 잘해주셔서 변화된게 보여요! 운동 더 하고싶어서 재등록합니당ㅎㅎ,"운동마다 어디에 어떻게 도움이 되는지 친절하게 설명해주시고, 몸상태에 따라 맞춰서 해주셔서 넘 좋아용! 맘잡고 다이어트도 하고 운동에 재미 붙이고 싶어서 큰맘먹고 시작했는데 어느새 재등록을 하게 되었습니당ㅎㅎ 강추해요!!",50회 등록해서 40회 재등록합니다 근육량도 잘오르고 체지방도 잘 빠져서 기분이 좋네요 관장님 직원분 친절하고 실력도 좋으신것 같습니다 강추드립니다,이미 명성이 자자한 피티쌤이지만 역시나 찐이였습니다 쌤과 함께라면 건강한 체중감량? 식은죽먹기라구요 여태까지 선생님 밑에서 아주 건강하게 20kg감량하였고 앞으로도 열심히 감량할생각입니당 그리고 시설도 깔꼼하고 다양한 기계들도 사용해서 운동할수있다구욧! 다들 여기로 모여서 멋쟁이 헬스걸 헬스맨 되시기를...⭐️,"제대로 운동좀 해보아야 겠다고 생각하고 헬스장을 찾던와중 새로생긴 바디이펙트를 가게 되었는데 상담도 너무 친절히 잘해주시고 시설도 좋아서 피티를 끊게 되었는데 운동 방법을 세세히 잘 알려주시고, 자세도꼼꼼히 봐주세요! 운동할때는 어느 근육이 어떻게 사용되는고 있는지 잘 설명해주셔서 운동이 더 잘되는것 같아요~^^ 너무 깨끗하고 땀냄새도 안나서 좋아욤! 노랑색벽 취저예여!!!!><"
33,"시설 깔끔하고 지상에 있어서 그런지 확실히 쾌적해요! 사워실에 샴푸, 린스, 바디워시 다 있고 운동복이랑 수건도 편하게 쓸수 있어서 좋네요 아무때나 와서 개인운동도 할수 있어서 일끝나고 저녁늦게나 오전에 운동도 몇번 했어요 헬스장은 사람 많아서 불편할때가있는데 여긴 그런게 없어서 좋아요! 무엇보다 선생님이 수업을 잘해요 요즘 살도 쭉쭉 빠지도 근육도 보이기 시작했어요! 주변에도 운동하니까 옷태가 달라졌다면서 확실히 굶어서 빼는거랑은 다르데요! 선생님이랑 하면 원하는 부위 근육에 자극도 잘 느껴지고 근육이 커지는것도 보 여서 아주 좋아요 여긴 찐운동 맛집 입니다!!👍👍",서상원 선생님께 배우고 있는데 친절하시고 꼼꼼히 잘 알려주십니다 제 실력에 맞춰서 수업시간동안 알차게 해주셔서 좋아요 언젠가 힘이 쎄질 그날까지...! 잘부탁드려요,,,,,,,,
34,예쁜 수진쌤♡ 운동을 단발성으로만 해왔어서 흥미도 떨어지고 몸에 대한 자존감도 잃어가는 와중에 수진쌤을 만나서 즐겁게 수업하고 웃고 떠들다보니까 덕분에 운동에 재미도 붙이고 소중한 근육도 얻었답니다ㅎㅎ 다들 수진쌤하세요!,상봉에서 제일 이쁜 수진쌤 다음으로 이쁜 제가 리뷰를 씁니당ㅎㅎ 우리 수진쌤 이쁘기만한 게 아니라 성격 진짜 좋아요 힘들면 힘내라고 채찍질해요ㅠㅠㅋㅋㅋ 칭찬도 해주고 채찍과 당근을 한꺼번에 주는 아주 마성의 매력으로 운동싫어하는 저를 열심히 끌고 가주십니당! 수업을 잘 가르쳐주셔서 제 체력이 매우 늘었어요ㅎㅎ 다들 수진쌤하세여들~,세상에서 제일 예쁜 수진쌤👍❤️빡센 운동은 수진쌤이 짱입니다요 수업하면 불면증도 꿀잠가능 첫PT인데 기구사용법이나 자세 꼼꼼하게 알려주셔서 좋았어요! 수업도 재밌게 끌어주시고 중간에 포기하지않게 해주셔서 감사합니다! 🥳☺️,상봉동에 있는 헬스장에서 제일 깔끔하고 최신기구도 많아요 연령대는 젊은 사람들이 많은편이고 공간은 많이 넓지않아서 특히 평일 저녁에 사람이 많아요 저는 노아트레이너님한테 개인 PT받고있는데 개인 체형에 맞게 자세교정 운동하면서 긍정적인 피드백을 주셔서 살도 빠지고 운동에 대한 자신감도 생겼습니다! 트레이너님들 다들 친절하시고 오고갈때마다 인사도 해주십니다:),상봉에이블짐 오픈할때 헬스 등록해서 7개월을 다녔어요 운동을 제대로 배우고 싶단 생각에 Jin샘에게 피티를 받았어요 운동을 잘 알려주셔서 취미가 되고 재미를 느꼈는데 몇개월 뒤 이사를 가야하는 상황이 오니까 운동을 더 배우고 싶다는 생각에 피티와 헬스회원권도 연장했어요 이사가서 새로운 좋은 PT샘 만난는것도 힘들꺼란 생각에 전 Jin샘에게 운동 다 배워서 이사가려구요. 이사가는 날까지 잘 부탁드려요.,3개월 열심히 매일 나간 헬린인데 처음엔 운동을 잘 할 수있을까 좀 걱정스러움이 컸습니다. 근데 루나선생님이 운동을 재밌게해주시는 방법을 알려주셨고 저는 지금 헬스가 취미가 된 것같아요 몸도 너무 좋아졌고 작은 복근도 가졌답니다. 사진처럼 이렇게 매일 쓰셔서 체계적으로 알려주셨습니다. 이해할 수있고 적응할 수 있게 알려주신 점이 저한텐 큰 도움이 였던 것 같습니다. 그리고 그냥 하는 운동이 아닌 그 부위에 내가 운동하고 싶은 부위에 자극이 갈 수 있게 몸소 느낄수있게.. 도와주셨습니다:) 운동기구도 다른 곳보다 더 깨끗하고 좋은 것 같아요!! 너무너무나 만족했습니다. 감사해요!!!!!,에어컨 빵빵하고 기구 새거라서 좋음! 민자 폼롤러 최소 2개는 있어야 하는거 아닌가요..운동전후로 몸풀때 대기엄청걸림.. 관계자분 이거 보심 보시면 하나 더 구비해주세용 ㅜ ㅜ!!! 그 외 등기구가 다양하지 않고. 자주쓰는 덤벨은 소량만있어서 이것도 대기엄청걸림. 화장실도 휴지바깥에있고 불편함.,"상봉역점에서 제일 예쁜 수진쌤께 2:1 피티 받고 있어요!! 피티가 처음인데 식단도 꾸준히 할 수 있게 꼼꼼히 신경써주시고, 혼자서도 헬스장 와서 운동할 수 있게 다양한 기구 사용법 알려주셔서 좋아요! 피티한 거 후회 안합니다!!! 다같이 몸짱 맘짱 되보아요~💪🏻✨",상봉역 근처에 헬스장 여러군데 가봤는데 가장 괜찮은것 같아요. 우선적으로 방역시스템도 잘 되어있는것 같아서 안심이 되구요 런닝머신 같은 경우에도 유리칸막이가 있어서 맘에 듭니다. 기구도 새로 많이 들어오는것 같아요. 탈의실이나 샤워실 같은 경우도 괜찮아요. 추천합니다.,"Jin쌤께 재활과 교정을 위한 PT를 받으며 운동한지 벌써 반년이 지났어요~ 여기저기 아픈 몸이라 운동에 제약이 따르고,🥲 대부분의 신체 기능이 떨어져 있고, 지하에서 헤매는 안타까운 운동 능력으로 매번 뚝딱거리지만,🤦‍♀️ 이런 저도 운동할 수 있게끔~ 불편한 몸과 눈높이에 맞춰서 도와주시는 진쌤.👍 항상 감사한 마음으로 운동 따라가고 있어요.🤩 덕분에 움직임이 없던 상체와 자극을 느끼지 못했던 하체가 조금씩 일을 하기 시작했어요! 보통수준이 될때까지!! 🔥🔥 ᆢ 헬스장 내부 깔끔하고, 다른 선생님들도 반갑게 인사해주시고 친절해요 😃"
35,"첫 헬스장, 첫 pt 여서 여러 군데 알아보던 중에 동네에 새로 생긴 뷰 맛집 헬스장이 있어서 2번 방문상담하고 마침 이벤트도 있어서 등록하게되었어요 ! 처음하는 pt라서 조금 걱정했었는데 이희병트레이너님이 자세, 자극점 등 쉽게 알려주셔서 금방 익힐 수 있었고, pt시간 외 개인운동 할때도 자세 봐주셔서 좋았어요. ☺️💪",운동을 등록하고 일이 바빠 못나가고 있다가 심명규코치님이 전화를 해주셔서 1대1 트레이닝을 받게 되었습니다. 혼자 운동할 생각이었는데 1대1 트레이닝을 받고 pt의 중요성을 깨닫고 pt등록을 하였습니다. 쉬운 설명과 자세한 운동방법을 설명해 주셔서 계속 심 명규코치님과 pt를 진행하게 되었습니다. pt를 시작한지 1개월 25일만에 사진처럼 점점 건강한 몸으로 변하고 있습니다. 살이 쪘을때는 허리가 자주 아팠고 약간의 힘든일을 할때도 지칠때가 많았는데 살이 빠진 이후로는 사진에서 보이듯이 자세가 많이 교정되어서 허리통증이 많이 줄어들었습니다. 아픈곳과 불편한 부분들을 세심하게 고려하여 운동할수 있게 코치해 주시는 심명규 코치님 정말 최고입니다!!!(다른 코치님분들도 정말 열정적으로 코치해주십니다.),처음 받아보는 pt여서 조금 걱정 했는데 친절하게 잘 알려주셔서 좋았어요! 김주완 마스터 코치님께 8회 받아보고 16회 재등록 했습니다~ pt 안하는 날에도 개인운동가면 자세랑 조금씩 봐주세요👍 다른 헬스장은 지하에 있어서 답답한 느낌 있는데 여기는 고층이라서 유산소할때 좋아요😃,헬스를 좋아하지 않은 사람인데.. 이희병 코치님이랑 수업을 진행하면서 헬스장을 다니면서 PT를 왜 받아야 하는지 느꼈습니다. 수업을 할때마다 정확한 자극을 느끼며 마냥 힘들다기보다는 힘이 들어가는게 느껴지는게 재미가 있네요ㅎㅎㅎ👍👍👍 친절하고 재밌는 이희병 코치님 그리고 짐프릭 모든 직원분들 친절하시고 시설도 깨끗합니다!! PT는 재등록 예정입니다ㅎㅎㅎ,최근에 생겨 시설도 좋고 6층이라 경치도 너무 좋아요 무엇보다 다들 너무 친절하십니다,"오픈한지 얼마안되서 깨끗하고 시설도 좋아요:) 저희 동네 운동하는 친구들 요기 다 모여있네요..! 코치님도 친절하시고 잘알려주셔서 무거운 몸 잘이끌고 헬스장에만 간다면(본인의 의지🔥) 운동하기 참 좋은 환경이예요:) 이희병코치님과 PT진행하고 있는데 제 인생 의 첫 PT, 너무 만족스럽게 진행하고 있습니다!! 추천드려요👍","심명규쌤한테 수업 받고 있는데 기구 어떻게 쓰는지, 자세랑 어디 힘 들어가야하는지 잘 알려주셔서 좋아요!💪🏻 식단도 어떻게 먹는지 구체적으로 알려주시고, 기초체력이 부족해서 운동할 땐 힘들어 죽겠지만 쌤이 중간중간 계속 응원해주셔서 끝까지 하려고 노력하게 돼여! 헬스장이 어려웠는데 쌤 덕분에 재밌게 잘 다니고 있습니당🙇🏻‍♀️","이희병쌤한테 P.T 1~2달 받은 후기 입니당! 헬린이인뎅 수업때마다 어디 운동할지 계획 짜주시고, 자세도 꼼꼼히 봐주셔서 부상 없이 재밌게 운동할 수 있었어용 ㅎㅎ또 게으른 저를 컨디션에 맞게 빡시게 굴려주셔서 담날 근육통에 죽어갔오용🤣 뿌..듯 피티시간 외 개인운동 시에도 자세나 기구 사용법 여쭤보면 친절, 열정적으루 알려주셔서 넘 편하구 좋았어용~~~ 인바디 변화는 매주 술먹고 치킨먹고 식단 1도 안한건데 근육 늘은만큼 체지방이 빠졌어요!!!! 쌤두 놀라규 저도 놀랐습니당 😳 쌤한테 운동 배우고 재미 붙여 열심히 하게 돼서 그론거 같아여~~ 쌤 진짜 친절하시구 재밌지만 운동할 때는 자비 없으세용. 그래서 더 좋고 돈 아깝다는 생각 안들었숨당! 헬린이분들 다들 깔끔친절 짐프릭으로 커몬하세용😚💟",지금 현상태지만 김주완대표님과 첫 수업을 통해 앞으로의 계획과 제 생활패턴을 파악해주시고 거기에 맞게 식단도 짜주셔서 잘 할 수 있을 것 같습니다! 앞으로 에프터도 올리겠습니다. 잘부탁드립니다^^,"짐프릭 면목점은 일단 시설이 너무 깔끔하고 깨끗합니다. 그리고 헬스장은 처음 다녀서 잘 모르겠는데 생각보다 넓고 운동기구도 많습니다. 김주완쌤이 몸 부위별로 많은 종류의 운동을 잘 가르쳐주시고 식단관리,유연성,근육뭉친것도 신경써주셔서 좋은거같습니다. 짐프릭 면목점 많이많이 이용해주세요~! (지옥을 볼 수 있습니다😆)"
36,기구도 다양하게 많고 시설도 깔끔해요 먹골역에 마땅히 갈데가 없었는데 강추합니다! ㅎㅎ,"효실쌤 pt 수업 짱 좋아요 ㅠㅠ 몸 어디가 틀어졌고 안 좋은지 단번에 확인하시고 자세 하나하나 잡아주시면서 설명도 자세히 해주시는데 정말 좋았습니다 ,, 🥹 식단이나 운동 패턴 같은거도 세밀하게 잘 짜주시고 또 친근감있게 잘 다가와주셔서 첫 수업이였지만 너무 즐겁고 재미있게 수업 했어요 🫶🏻",몇년전 허리를 삐끗하고 병원을 가니 근육이 놀라 통증이 생겼지만 허리근육이 약해 통증이 지속된다는 진단을 받았어요 도수치료와 물리치료는 그때뿐이고 취업을 하니 허리 통증은 더더 심해져 무작정 상담을 받으러왔습니다. 하나도 모르는 저에게 잠시 진행된 상담이었지만 통증이 시작된 이유부터 자세교정의 중요성과같은 사소한것까지 상담해주시는 선생님에게 믿음이생겨 동생까지 데리고 와서바로 피티등록을하였어요. 사실 20년 가까이 운동이 처음이라 이게 맞는건지도 모르겠고 아무생각없이 선생님이 알려주시는 것만 했더니 이제 한달된 헬 린이는 40키로까지 들정도로 힘이 생겼어요>< 5년 가까이 아팠던 허리가 지금은 편히 잠에 들정도로 좋아져 매일매일 선생님에게 감탄하고 존경스러운 마음입니다. 이영재선생님 항상 감사하고 최고에요~~,헬스장을 처음 다녀본 후기입니다. 기초체력도 없고 미래를 위해서 PT를 시작. 1. 상담을할때 무리하게 많은 PT횟수를 요구하기 보단 혼자 어느정도 운동할수 있는 적당한 선에서 피티 횟수도 추천. 2. 운동 나올때마다 이렇게 힘든걸 왜 해야되는지 어디에 좋은지 물어보면 안할수가 없게..다 답해주시는..ㅎㅎ 오승건트레이너님 덕분에 무게는 적게 하지만 매일 꾸준히 하려고 노력중입니다. 몸이 탄력적이고 근육이 생긴 느낌이 들어요. 3. 런닝머신 시간이 제일 좋은데 티비를 볼 수 있어서지 않을까 싶어요. 인생 첫 헬스장 이 엠크루짐이여서 시설이나 운동에 대한 거부감이 없어서 더 좋은것같아요. 여기서 입문하길 잘했다 싶어요!,시설 깨끗하구 기구도 많구 좋아요!,저는 헬스장자체를 처음 다녀본 사람인데요 운동기구나 웨이트운동 자체를 해본적이없어서 pt 를 끊어서 시작했어요 !바로바로 💓 효실쌤 💓이 담당해주셨는데요🐰✌🏻 기구를 사용하기전에 어떤 자세로 어떻게 힘을 주어야 하는지 호흡은 어때야하는지 섬세하게 컨트롤 해주세 요. 또한 운동 목적( 재활 or 체력증진 or 취미 등등) 에 따라서 운동방향을 맞춰서 프로그램을 짜주시기때문에 좋았어요! 그리고 쌤은 끝날때까지 끝난게 아니에요. 개인운동시간에 제가 해야할 운동들을 따로 숙제를 내주셔서 뭐해야할지 고민할 필요가 없답니다 ㅎ ㅎㅎ! 그렇게 헬린이인 저는 채찍과 당근을 고루 받으며 쑥쑥 성장하고있는 중입니다 🥕 엠크루짐 흥해라~ 아!! 그리고 점장님도 짱 좋아요 무뚝뚝해보이시는데 다정서윗 ☺️,동네의 다른 헬스장을 다녔을 때 시설과 선생님은 좋았지만 공간이 좁고 기구가 적어서 거의 트레드밀 위주로 이용하다 왔는데 엠크루짐은 기구가 다양하고 공간도 넓어서 혼자 이용할 때도 다양한 운동을 할 수 있어서 좋아요. 또 스트레칭을 할 수 있는 스트레칭+폼롤러 존이 있는 것도 좋았습니다. 운동하기 싫은 날도 열심히 하는 다른 회원 분들과 함께 운동하다 보면 저도 같이 열심히 하게 돼서 자극되고 좋아요~! 백두산 선생님 PT 등록 하고 진행 중인데 확실히 체력이 좋아지고 몸도 달라지는 게 보여서 더 열심히 하고 싶어집니다. 역에서도 가까워서 접근성이 좋은 점도 추천하고 싶어요~,딱 필요한것들 맛잇는기구만있네요 불필요한 머신없고 인테리어도깔끔해요 일단 역바로옆이라 동선도좋구여 자주자주올게요,"목디스크 판정받고 지금부터 관리하지않으면 수술해야할수도 있대서 건강목적으로 PT를 등록했어요! 원래 도수치료를 받으려고 고민하다가 우연히 새로오픈했다길래 와본건데 정말정말 잘한선택이었다고 생각합니다! 목디스크가 어깨랑 팔까지 내려와서 수시로 팔저림있었고 제대로 잠도 못자서 심각한 상황이었어요..건강목적인거라 상담받을때부터 무리한 운동못한다고 말씀드렸었는데 ""백두산 트레이너""님이 엄청 전문적으로 상담해주셨어요! 운동할때마다 무리되지않게 안전한 자세 잡아주시고 체계적으로 다양하게 프로그램 짜주세요! 지금까지 50회중에 15회 완료했는데 병원에서도 엄청많이 호전되었다고 말씀해주시고 저 스스로도 느끼고있어요! 체중뿐만 아니라 건강목적인분들께도 백두산 트레이너님이 정말 좋은분이시고 잘 지도해주시는분일거에요!",깨끗하고 친절하고 좋습니다
37,"벌써 7년 넘게… 엄청 오래다닌 곳, 오래 다닌 이유가 있는곳. 언제나 깨끗 깔끔. 인스타 업로드하면 다들 이쁜 센터라고 칭찬함 ㅎㅎ 늘 공부하고 발전하는 트쌤덕에 안좋았던 곳도 건강하게 치료하고 재밌게 운동합니다. 면목동을 떠나기 아쉬운 이유 중 하나가 이 센터일정도… 언제나 믿음직한 닥터바디짐! 감사함당",전문 PT샵으로 규모가 엄청 크지는 않지만 왠만한 기구들은 다 있어서 운동하는데 불편함이 없고 기구들도 깨끗합니다~ PT 선생님들은 다 친절하시고 수업 중 해당 운동을 했을 때 효과 또는 자극이 와야하는 부분에 대해서도 자세히 설명해주십니다. 간혹 자극이 잘 안느껴져서 여쭤보면 자세를 조금씩 다르게 해서 맞는 자극점을 찾아주고 해당 운동이 무리다 싶으면 다른 운동으로 대체해서 가르쳐주셔서 너무 좋습니다! 앞으로도 계속 이곳으로 운동 다닐 것 같습니다!!!,2년 가까이 재등록 중인데 너무 즐겁게 세심하게 잘가르쳐주십니다 항상 감사합니다,친절하고 꼼꼼하게 수업진행하여 만족합니다,벌써 4번째 재등록 이에요~~선생님이 제 몸에 맞춰서 피티 진행해주셔서 살도 많이 빠지고 건강해졌어요 ㅎㅎ감사합니다~~~~,우선 상담만 해보려고 갔는데 넘 친절하시구 뭔가 전문성?이 느껴져서 등록했어요 현재 3회정도 수업진행중인데 아주 만족함다~~!!,PT를 처음해보는데 상담도 너무 친절하게 해주시고 내부도 깔끔하고 운동하기 좋은 것 같아 등록합니다. 앞으로 잘 부탁드립니다.,"여기서 3년 넘게 운동하고 있어요~ 수업 퀄리티가 좋은건 기본이고 컨디션에 따라 운동 강도, 마사지등 세심하게 수업해주세요~👍",선생님들도 너무 꼼꼼하고 친절하시고 시설이 넓고 깔끔해요❣️,개인PT샵이라 기구도 많고 시설도 좋고 깔끔합니다 선생님들 모두 재밌고 친절하시고 꼼꼼하게 자세 봐주셔서 좋아요👍🏻👍🏻
38,"🌟영식쌤🌟을 만나기 전 약 30회정도 PT를 받았는데, 100%만족보다는 항상 뭔가 부족한 느낌이 많이 들었습니다. 운동닥터로 검증된 선생님들을 비교해보다가 영식쌤에게 1회 체험PT후 30회 등록해서 진행한 결과 수업때 꽉 채워서 너무 꼼꼼하게 봐주셔서 만족도가 높은 것 뿐만 아니라 운동일지 작성까지 해주셔서 개인운동 나왔을 때 뭘 해야할지 고민하거나 유산소운동만 하고 오는 게 아니라 전에 했던 다른 부위 운동들 보면서 복습해가면서 운동이 삶의 일부가 되어가는 중 입니다. 늘 열정적으로 알려주셔서 감사합 니다🤍","평소 운동을 해야지... 해야지... 생각만 하다가 이대로 더 있으면 정말 안되겠다는 생각을 하던 참에 집에서 3분거리에 프리빗 PT 스튜디오가 생겨서 고민 끝에 큰맘 먹고 인생 처음으로 PT를 끊어보았습니다. 이것저것 상담한 끝에 다이어트뿐만 아니라 체형교 정도 함께 해야하는 상황이었기에 적지않은 비용이었지만 질렀는데요... 결론은 200% 만족합니다. 어깨에 석회가 생겨서 병원치료도 오래 받았었지만 통증은 그대로였는데, 재호쌤의 즉각적인 통증케어와 상세한 내몸사용설명서(?) 강의 덕에 PT를 다닌 이 후로는 신기하게도 어깨가 아프지 않아요!! 식단관리는 물론 피드백도 정말 세심하게 봐주십니다. 정말 제대로 관리받고 있는 기분입니다. 재호쌤 진짜 최고에요~!! 이번 회차 끝나고 나서도 연장각입니다!",처음에는 새로 오픈한 곳이기도 하고 시설이 너무 깔끔해서 너무 끌렸어요 ! 직접 방문해보니 생각보다 더 깔끔하고 좋아요 ! 재호쌤한테 무료피티 1회 받고 믿음가서 바로 30회 등록했어요 ! 다이어트 뿐만 아니라 체형교정으로도 전공하신 쌤이라 무조건 재호쌤한테 배워야겠다 싶었어요 🤙🏻 인생 첫 PT 수업이라 걱정도 많고 어렵다고 생각했는데 쌤이 너무 잘 끌어주셔서 운동하고 많이 친해졌어요 ✌🏻 동작 하나하나 잘 체크해주시고 영상으로도 항상 남겨주셔서 혼자 운동할때도 큰 도움이 됩니당 - ! 운동 + 식단 일지도 매일 체크해주셔서 더 힘내서 다이어트 할 수 있어요 ! 넘 감사합니다 🙏🏻 오늘부터 또 다시 화이팅하고 열심히 운동할게요 👀👊🏻👊🏻,"다른데서도 pt받아보고 개인운동도 꾸준히 했는데 자세불균형이 점점 더 심해지고,,부상이나 통증이 발생하는 경우가 많아져서 재활+ 다이어트 쪽으로 상담받았고 재호샘한테 pt받고 있습니당:) 성격이 넘 좋으셔서 부담스럽지않고 운동가르쳐주실때도 하나부터 열까지 이해해주기 쉽게 알려주시고 동영상으로도 매번 남겨주셔서 개인운동할때도 큰 도움이 됩니다!!!! 그리고 제일중요한건 운동 도중 불편한 곳을 말하면 그자리에서 바로 케어해주셔서 통증없이 운동 잘 배우고있습니다아 다른데서도 여러번 피티 받아봤지만 관리+운동 전부다 재호샘이 쵝오,,👍 피티돈이 1도 안아깝,, 인테리어도 넘 예뻐고 고급스러워서 일단 들어가면 기분좋고 유산소할때도 통유리너머로 멍때리면서 운동하면 시간도 순삭입니당😆","평소에 운동을 좋아하긴 하지만 pt를 받아본 적이 없고 유튜브 보면서 혼자 불안정한 자세와 세트수, 무게, 식단도 잘 모르게 운동을 하니까 웨이트트레이닝은 꾸준히 하지 못하여서 다니게 되었는데 시설도 너무 깔끔하고 기구하나 하나에 신경쓴게 보였습니다 ! 상 담때 설명도 너무 잘해주시고 친절하셔서 영식쌤 믿고 다녀보자 했습니다🙂🙂해보니까 알겠더군요 왜 사람들이 pt를 받고 돈을 내고 전문적인 분들에게 받는지 !! 운동할때 어디 근육에 자극이 들어가는지 자세를 어떻게 잡아야 하는지 세부적인 설명까지 해주시고 나이가 비 슷해서 많이 친해졌습니다! 제 목표는 쌤만큼 좋아져서 영식쌤과 같이 바디프로필 한번 찍는 겁니다 🔥🔥 여러분 지금이라도 운동시작하고 여기서 pt받으면 여자친구 생깁니다!","의지가 약해서 30회 끊어놓고 중간에 포기할까봐 걱정이 많았는데 어느덧 막바지에 이르렀네요ㅎㅎ 우선 저를 지금까지 포기하지 않고 끌고와주신 영식쌤에게 감사의 말씀드립니다! 지금까지 관리를 받으면서 느낀건 영식쌤은 매 횟수마다 정말이지,, 대충하지 않고 최선을 다하시는게 느껴지고 무엇보다 지금까지 운동을 하시면서 느끼셨던 노하우를 모두 알려주시고 횟수 사이 쉬는시간마다 운동의 방향성과 안좋은 습관을 고쳐주시고 앞으로 스스로 운동할 수 있도록 지도를 해주시는게 너무 좋았네요 그리고 영식쌤 스스로도 쉬지 않고 운동하시고 공부하시는게 보는 입장에서 신뢰감이 올라가는 거 같습니다 ㅎㅎ 부담되는 돈이였지만!! 결과적으로는 하나도 돈이 아깝지가 않았네요. P.T를 생각하신다면 영식쌤 강력크 추천드립니당","난생처음 헬스장에 입문한 헬린이 입니다. 깔끔하고 쾌적한 환경의 프리빗pt 스튜디오에서 제인생 첫 피티쌤 은영쌤😍을 만나게 되었는데요, 헬스장에서 운동하는 모습이 스스로도 뭔가 뚝딱거리는거같고 어색한 저에게 넘 친절하게 대해주시고 운동수준과 식단도 알맞게 정해 주셔서 힘들지 않게, 갈수록 더 재미를 느끼면서 운동과 식단관리에 잘 적응한 것 같아요. 운동하면서 생겨나는 여러 궁금한 점들도 쌤의 자세한 설명 덕분에 잘 알아가고 있구요. 나중에 혼자서도 운동할 수 있도록 꼼꼼히 지도해주시고 중간중간 동기부여도 해주시고 감사한 점이 정말 많아요!🫶🏻 헬스가 처음이라 고민하시는 분들, 다이어트 제대로 하고싶은데 용기가 안나시는 분들께 프리빗 pt 스튜디오, 그리고 🧡은영쌤🧡정말 마구마구 추천드립니다!👍🏻","체력이 너무 딸리고 운동도 혼자하기엔 운동지식이 부족해서 pt 받고 있어요! 예전에도 pt 여러번 받아봤지만 여긴 찐입니다!! 체계적인 관리와 정확한 자세, 운동루틴까지 자세히 알려주세요! 운동하는 저보다 더 열정적인 현승쌤,,👍🏻👍🏻 어두컴컴한 지하 헬스장이 아닌 깨끗하고 깔끔한 시설도 너무 맘에 들어요! 사람들 북적이는 헬스장은 운동기구 이용하려면 한참 기다려야하고, 또 사람 많은 시간 피해서 가야하는 불편함이 있잖아요?! 여긴 그런 거 없이 개인운동을 편하게 할 수 있어서 좋아요! PT샵 고민이신 분들! 여기 정말 추천합니당^*^","개인적으로 헬스장가서 혼자 운동할 지식은 없어서 고민하다가 가까운 곳에서 친구랑 2:1 PT 받게 되었습니다! 처음에는 아무생각 없이 시작했는데 진심으로 알려주시는 현승 선생님 덕분에 열심히 배워야 겠다는 생각이 점점 많이 듭니다! 예전에는 혼자 개인운동 나가면 유산소만 조금 하다가 왔는데, 매번 수업 끝나고 어떤 운동 했는지 알려주시고 개인적으로 나와서도 꼭 하라고 말씀해주시는 현승 선생님 덕분에 수업없는 날에도 조금씩 기구도 쓰고, 할 줄 알게 되었습니다! 혼자 식단관리를 잘 못해서 힘들었는데 선생님이랑 같이 하니까 수월하고 좋습니다😊 그리고 2:1 PT임에도 운동할때 친구랑 가동범위, 잘안되는 부위 등 각자 맞춰서 설명해주시고 수업해주셔서 그 부분에서 진짜 전문적이라고 느꼈습니다👍🏻",몇년만에 다시 시작한 운동이라 차근차근 다시 배우고 싶어서 pt 시작했는데 처음부터 영식쌤 만나서 금방 감잡고 따라갈수 있었던것 같아요. 운동중에도 계속 불편한 부분이 있는지 먼저 물어보고 신경 써주셔서 저도 모르고 있는 잘못된 부분도 바로 잡아주시고 하나하나 자세하게 잘 알려주세요. 저같은 쓰레기 체력도 잘 달래가면서 끝까지 끌고가는 조련왕이십니다!
39,새로 오픈한 센터여서 그런지 시설도 좋고 상담부터 피티까지 엄청 친절하십니다 ㅠㅠ 계속 방문할 생각입니다,용마산역 근처라 운동하러 오기도 편하고 새로오픈해서 시설깔끔하고 좋은것같아요!,,,,,,,,
40,"저는 평상시에 운동하고는 상당히 거리를두는 편이라, 건강에 적신호가 온 채로 첫 수업을 받게 되었습니다. 상담도 비교적 부담없이 마음 편안히 해주셨지만, 제일 좋았던 점은, 그냥 수업을 어떻게든 나가는대로 하는 것이 아니라, 그전에 관장님께서 상담 때 잠시 받은 체력테스트로 저의 몸 컨디션을 파악하시고 본인의 컨디션에 무리없이 충분히 소화하면서 나아갈 있겠끔 운동으로 지도하십니다. 덕분에 수업 끝나고 나오는 길에 한결 가벼운 컨디션으로 나왔네요. 그전에 운동에 대해 잘 모르거나 몸에 익혀오지 않았어도 충분히 한스텝씩 잘 따라갈 수 있어서 감사합니다.","친절하시고 무료 상담인데도 꼼꼼히 봐주십니다! 전.. 체력이 너무 안 좋아서 체력테스트도 힘들었지만, 끝까지 할 수 있게 옆에서 코치해주셔서 좋았습니다. 바로 수업 결정은 안 하고 조금 고민하고 온다고 했는데, 쿨하게 고민하고 오라고 말씀하셔서 놀라기도 했습니다 ㅎㅎ 결국 운동하기로 굳은 결심을 해서 한달 결제했습니다! 열심히 해볼게요~",방문 상담 한 후에 등록했습니다! pt는커녕 운동도 제대로 해보지 못했기에 그동안의 제 체력은 쓸애기가..되었지만 이런 쓸애기 체력도 할수있을 정도의 운동을 알려주셨습니다 그리고 무리하지 않는 선에서 친절하고 세심하게 알려주셔서 너무 좋았습니다!👍👍,상담도 자세하게 해주시고 엄청 꼼꼼하게 잘 봐주세요 ㅎㅎ 자세 하나하나 !! 엄청 파이팅 있으셔서 기분좋게 다녀왔네요 ☺️☺️👍🏻👍🏻👍🏻 저도 건강한 몸 만들어보려고 피티 끊고왔습니다!! 저만 알고싶은곳이에요 ㅜㅜ 🫰🏻,"안녕하세요 방문하였을 때, 친절하게 상담해주셔서 너무 좋았습니다. 선생님께서 재활을 받아야 하는 부위의 문제점과 운동에 대해서 꼼꼼히 이야기해주셔서 너무 감사하다는 생각이 들었습니다. 다음 주중에 다시 연락드리겠습니다!",일단 너무 친절하시고 상담도 굉장히 꼼꼼하게 해주세요!! 가격이 찾아본 곳 중에서 제일 저렴해요 전무적으로 배우고 싶으신 분들께 완전 추천이에요 상담만 받는 것도 눈치보이지도 않아서 좋았어요!,처음 시작하는 운동이라 정보가 없어서 걱정이 많았는데 설명을 잘해주셔서 너무 좋았어요:) 어떤 점이 부족하고 어떻게 보완하면 좋을지도 제안해주시고 무엇보다 유쾌하셔서 운동도 재미있게 시작할 수 있을것같아요!!✨✨ 다음 수업시간이 기대됩니당!!ㅎㅎㅎ,방문하고 나서 여러가지로 친절하고 상세히 상담해주셨습니다. 문제가 되는 점을 정확히 지적해주시고 운동 시 앞으로의 전망 등을 알려주셔서 좋았습니다. 사장님 또한 친절하고 친근하십니다.,헬스는 런닝밖에 안해봤는데 친절하게 설명해주셔서 운동을 잘할 수 있을 것 같은 기대감이 생겨 벌써 다이어트 된 기분입니다 너무 유쾌하게 상담해주셔서 즐거운 운동시간이 기대돼요 감사합니다!,제가 가지고 있는 질병들에 대해 친절히 상담해주셨고 체력테스트 하면서 아픈데 없는지 계속 체크해주셔서 좋았습니다. 선생님이 에너지넘치고 유쾌하신분 같아 몸은 힘들었지만(?) 기분좋더라구요 ~ 바쁜일 끝내놓고 등록 하러 가겠습니다 :)
41,"집근처 헬스장이 없어서 멀리갔었는데, 콤마짐이 들어왔다는 소식에 와봤는데 깜짝 놀랐습니다. 다들 너무 친절하시고 넓고 깨끗하고 기구라인업이.. ㅎㄷㄷ 헬창이되고 싶은 헬린이인 저에겐 너무 좋았습니다. 바로 등록하고 무료Pt? 해주셔서 받아봤는데 너무 좋아 서 PT도 생각중입니다. ^^ 번창하세요",근처에 이렇게나 시설 좋은 헬스장이 생기다니 너무너무 조아요~~ 깔끔하고 샤워실도 개별샤워실이라서 저는 더 좋네용 지금 승엽선생님께 수업을 받고있는데 틀어진체형하고 자세하나하나 알려주시고 설명해주시니까 너무조아용!! 감사합니당 ~ 다른선생님들도 다 너무 친절하셔서 조아요~~,양원에 새로 오픈했다는 소식을 듣고 한걸음에 달려왔습니다 ꉂꉂ(ᵔᗜᵔ*) 저는 평소에 기구를 접할 기회가없어서 김민직트레이너님 에게 P.T 등록을 하고 열심히 교육받고 있습니다 자세교정 기구사용법 등등 친절하고 체계적으로 가르쳐 주십니다! 신축이라 그런지 샤워실도 깔끔하고 새기구들도 더 들어올 예정이라니 좋은거같아요! 주차도 무료로 이용할수있습니다~ 그리고 오전에 헬스장 방문하시면 7층이라 그런지 뷰도 좋을거같아요^^ 앞으로도 열심히 운동해야겠습니당..핳,시설이 깨끗하고 넓고 기구도 많아서 운동하기 너무 좋습니다! 특히 헬스등록하면 월2회 무료피티도 해주시는데 자세도 꼼꼼하게 잘 봐주시고 기구 사용법도 자세히 알려주셔서 좋았습니다!! 오래오래 다닐예정💚,주변 커뮤니티에서 얘기를 많이 하길래 와봤다가.. 🤩띠용 시설보고 놀랐고 무료피티로 배정된 최장군 선생님 만나서 체형교정과 올바른 운동법 티칭에 바로 PT까지 등록했답니다. 헬린이 여러분 얼른가보세요 아직도 할인행사중이고 선생님들 엄청 친절하십니닷!! 다이어트 할 생각에 불끈불끈 기대가 됩니다. 콤마짐 짜앙♡,집앞에 드디어 헬스장이 생겼다고 해서 벼르고 있다가 왔는데 와우 완전 호텔식이라그런지 넓고 공간도 잘 나눠져있고 최고급 호텔의 헬스장에 온 느낌이예요! 다들 너무 친절하시고 헬스장이 넓고 잘 관리를 하시는지 공기또한 상쾌! 상담만 받으려했는데 어머 이건 해야돼 싶 어 결제하고 왔어요! 무료 PT도 달마다 진행하신다해서 바로 받게다하니 담당 트레이너 분이 연락주셔서 원하는 날짜에 예약 잡았어요 둑흔둑흔 기대돼요! 받아보고 PT도 끈어서 득근해야겠어용! 득근!!,집 근처에 마땅히 운동할 곳이 없었는데 마침 새로운 헬스장이 생겨서 바로 등록했습니다. 시설도 깨끗하고 운동기구도 다양할뿐더러 보통 다른 헬스장은 지하에 있는 경우가 많은데 이곳은 지상7층에 위치하고 있어서 뷰(?)도 굉장히 좋네요. 등록 후 “최장군”트레이너님한테 OT 받고 바로 개인PT도 등록하였습니다.수업받으면서 역시 운동은 전문적 지식이 있는 누군가와 함께 해야하는구나 절실히 느끼는 중입니다. 티칭 경력이 오래되어서그런지 여러 노하우와 정확한 자세 식단까지 체계적으로 도움을 받는 중입니다. 이대로 열심히 운동하여 올 여름 바디프로필 한번 찍어볼까합니다. 선생님 도와주십쇼,처음등록해본 헬스클럽 양원콤마짐 시설도 너무깔끔하고 운동기구도 많으며 운동하기 딱좋은곳이네요~^^ 그리고 PT퀄리티가 너무좋은 이찬영트레이너님 진짜 체계적으로 하나하나 꼼꼼하게 잘알려주시고 운동효과는 진짜 대박이네요~^^ 너무 좋은 트레이너님 만나 서 신나게 운동도하고 멋진몸 만들생각에 하루하루 즐겁게 보냅니다~ 콤마짐 양원역점 최고의 운동공간입니다 짱~^^,"이사와서 근처에 헬스장이 없어서 고민이었는데, 전단지 받고 알게됐어요. 7층 전체를 사용해서 넓고 기구도 다양하고 전에 못 봤던 기구들이 많아서 좋아요! 혼자 시작하기 어려워 pt 까지 등록했는데 힘들지만 하나하나 사용법을 배워가는 중이라 만족합니다. pt는 김민직 선생님께 받고 있고, 잘 알려주시고 재밌게 하고 있습니다!😃 + 사방이 유리창으로 되어 있어 너무 좋아요! 특히 유산소 하다 힘들때 하늘보면 굿~",집에서 가까운 곳에 콤마짐 헬스장이 생겨 너무 좋아요 평소에 헬스장이 너무 멀다는 이유로 운동도 안하고 게을리 지냈는데 콤마짐이 생겨 일찍일어나 운동을 하니 하루가 길어졌어요 거기에 이찬영 선생님에게 PT를 받고 있는데 설명도 잘해주시고 운동 끝나고 영상도 보내주시고 운동 할 맛이 납니다 기구들도 너무 좋고 샤워실도 개별이고 너무너무 좋아요
42,"코로나 때문에 집에만 있다가 몸이 안좋아져서 운동을 하려고 알아봤어요..🥲시설도 좋아보이고 다양한 클래스들도 있고 체형분석기..?도 있고 색달라보여서 예약 해봤습니다~!다른곳에 있는 pt보다는 다른 느낌이였어요~!체형분석기로 내 몸을 분석해서 그걸로 상담도 잘해주시고 내 몸에 맞는 운동을 알려주셔서 좋았습니다~!큰 pt샵은 사람도 많아서 코시국에 걱정도 되고, 혼자 마음먹고 운동하기 힘든데..여긴 1:1로 해주셔서 너무 좋아요~~👍힘들때 쉬는공간도 있어서 좋았어요..ㅠㅠ 제가 마음만 먹고 꾸준히 나가면..몸이 좋아질 것 같아요~~ㅎㅎ 저와 같은 사람이라면 꼭 추천합니다~!~ㅠㅠ",운동을 제대로 해본 적이 없어서 가기 전까지 걱정이 많았는데 현재 몸 상태에 대해 다양한 방법으로 분석해주셨고 제가 고민했던 것들의 원인도 알려주시고 인지하지 못했던 문제점도 알려주셔서 좋았습니다!,너믄 상세하게 설명해주시고. 선택하길 잘한것 같아요,굿,굿,,,,,
43,안정기에 접어들어 시작한 필라테스 운동이에요 ~! 집근처에 새로 생겨서 1회해보고 바로 30회 결제 했어요 ^^ 선생님께서 숙제도 내주시니 거의 매일 운동하는 느낌이에요 ㅎㅎ 허리통증이 많이 사라져서 하루하루 행복하구요! 시설도 깔끔하구 여태 만났던 쌤 중 최고입니다👍🏻 순산하러 코어핏 오세요🙌🏻,"평소 회사 생활을 하는 터라,,체형교정과 다이어트에 관심이 생겨서 방문하게 되었어요 일단 화이트톤의 깨끗한 인테리어가 눈에 들어왔어요 정수기 위에 콤부차까지 마시는 물까지 신경써주는 느낌이었네요! 운동하는 환경도 중요한데 신규 센터라 그런지 깨끗한 곳에서 운동할 수 있겠다! 싶었어요 운동 경험이 전혀 없는데 여자 선생님께서 필라테스뿐만 아니라 웨이트?도 엄청 경험이 많아보셨어요..다만 인기가 많아서인지??ㅠㅠㅠ예약이 밀려서 잡기 힘들었는데 섬세한 상담과 수업에 후회 절대 없습니다,,남자쌤은 조금 부담스러운디 여자쌤 이라 너무 편해요… 열심히 할게요!!!쌤",일단 상담부터 너무 친절하셔서 좋았어요! 수업도 하나하나 꼼꼼히 알려주시고 제가 아픈 몸 부위와 잘못된 자세들까지 집중적으로 트레이닝 시켜주시고 올바르게 바로 잡아주셔서 너무 만족하고 돌아갔습니다! 바로 등록까지 완료! 앞으로 꾸준히 해볼게요🫶🏻,헬스장에서 남자 트레이너에게 피티를 받은 적 있었는데...수업 받으면서 무릎이랑 허리가 너무 아팠던 기억이 있어서 엄청 피티샵을 검색하다가 찾아왔어요 상담 받는데 헬스장과 다르게 정말 전문적으로 제 몸을 케어주시는 느낌이었고..북적이는 느낌 없이 일대일로 프라 이빗하게 배울 수 있어서 좋았습니다!!헬 스 기구만 많이 사용했었는데 맨몸 운동 위주 수업이라 근육도 많이 사용되고 훨씬 재밌었어요..열심히 해서 몸짱 만들겠습니다..강력 추천해요ㅋㅋㅋㅋㅋ,"체험수업 진짜 너무 좋았어요ㅋㅋㅋ 선생님 넘 유쾌하시고 한세트라도 더 하게 하려고 수업 이끌어가시는 모습..감동ㅎㅎㅎ 다른 곳에서 PT 오래 했었는데, 그때 효과 많이 못봐서..안하려고 했는데 여자쌤한테 반했습니다..ㅎㅎ 저 이번엔 진짜 효과볼래요!!!!!!!!화이팅 할게요!!","여자 점장님이랑 상담하고 체험 수업까지 받았어요. 피티랑 필라테스 둘 다 좋아해서 하고싶은데, 동시에 두 곳 다니기는 시간이나 돈이 부담인데.. 코어핏에서 같이 운동할 수 있어서 그게 제일 좋았어요. 매일 컨디션에 맞게 조정해서 해주신다고 해서 더 좋았고요~ 체험 수업 받고 등록하고, 바로 어제 2번째 수업 받았는데, 전 코로나 걸린적이 없어서 계속 조심하고 있어서 북적북적 거리는 장소에서 땀흘리면서 운동하는거 불안한데, 여기는 프라이빗하게 수업 진행해주시니까 믿음이 더 가고 운동하기 편했어요ㅠ 그리고 제일 중요한.. 점장님 수업 킹잘하세요.. 비루한 몸뚱이로 열심히 따라가볼게요 점장님...","운동은 요가밖에 안해본 탓에ㅠㅠ 다른 운동은 잘 몰라서 질문도 정말 많이 했는데.. 귀찮으실법한테도; 상세히 답변 해주시면서 피티를 하면서 쓰는 근육, 필라테스를 하면서 쓰는 근육 기능들을 이해하기 쉽게 잘 설명해주셨어요 ㅠㅠ 체험수업받고 바로 등록했어요 ㅎ 실내 환경도 깨끗하고 조명이나 전체적인 분위기나 깔끔해서.. 쾌적하게 운동할 수 있어서 좋은 거 같아요!! 목표 몸무게까지 열씸히...@' '@!","제가 오픈 첫 상담인 거 같았어요ㅎㅎ 지나다니면서 보다가 간판 불 들어오자마자 바로 문의했어요! 운동을 안해본건 아니라 덜컥 결제 먼저 하기 보다 수업을 받아보고 하고싶었는데, 체험 수업 받고 바로 등록했어요. 여자 대표님 진짜 잘 가르치세요.. 어디에 힘주는지 지금 부족한 게 뭔지 방법을 몰랐는데 대표님 설명 들으니까 다 되는..? 말로 표현할 수 없는데 ㅠㅠㅠ 아무튼 진짜 신기했어요! 샵도 엄청 깔끔하고 예뻐서 운동 인증 사진 찍기 좋아요(대표님 첫 수업부터 자꾸 찍어달라고해서 죄송해요 ㅎㅎ) 운동 제대로 해서 제 삶의 질 올려보겠습니다~~!","새로 오픈한 곳이라 그런지 쾌적하고 깔끔해서 좋아요. 수업도 만족스러워서 등록했습니다. 출산하고 힘들었는데, 관리 좀 열심히 해볼게요.",개인 레슨을 다른곳에서 많이 받아 봤지만 늘 힘들기만 하고 다음날에는 허리나 무릎에 통증이 있었는데 여기는 전혀 그런게 없네요 힘들지만 개운한 느낌 ???? 다시 운동하러 가겠습니다 ~~
44,여러곳을 상담다니구 결정했는데 같이 운동 쭉 할 트레이너분 결정이 어려워서 체험상담으로 다 해볼수있게 진행도 해주시고 시설도 깔끔하고 설명도 잘해주시고 뷰 좋아요 👍🏻 시간도 최대한 맞춰주시규 열심히 운동해볼맛이 나는거같아요 !!,여름맞이 운동해보려구 이곳저곳 상담 받으러 갔었는데 그중 시설 제일 깔끔하구 상담도 자세히 친절하게 해주셔요 체계적인 수업은 물론이고 관리도 철저하게 해주시고 올여름 다이어트만 바라보고 등록했는데 앞으로 계속 운동 하려구요 ~^^,PT등록 상담때부터 친절하게 상담도 잘해주시고 수업도 저한테 맞춰서 잘해주셔서 아주 마음에 들어요ㅎ 열심히 운동 다녀볼게요 ~~,즐겁고 쾌적하게 운동하고 있습니다.,,,,,,
